ticker,name,sector,industry,isdelisted,lastpricedate,marketcap,ev,pe,closeadj,roic,revenue,revenue_prior,fcf,fcf_prior,fxusd,ebitda,netdebt,netdebt_ebitda,calendardate,datekey,mcap_bn,roic_pct,rev_growth_pct,fcf_yield,ev_fcf,mom_12_1_pct,composite
PTCT,PTC THERAPEUTICS INC,Healthcare,Biotechnology,N,2026-06-18,6551300000.0,6112400000.0,-35.1,78.98,0.887,1730655000.0,806780000.0,702406000.0,63866000.0,1.0,895131000.0,-585950000.0,-0.6545969249193694,2025-12-31,2026-02-19,6.5513,88.7,114.51386995215546,10.72162776853449,8.702089674632619,38.26941986234023,82.5485525128445
GFI,GOLD FIELDS LTD,Basic Materials,Gold,N,2026-06-18,34547900000.0,35989900000.0,9.7,38.6,0.369,8751300000.0,5201600000.0,3772200000.0,1607000000.0,1.0,5337300000.0,1442000000.0,0.27017405804432953,2025-12-31,2026-03-30,34.5479,36.9,68.24246385727469,10.918753382984205,9.540824982768676,68.2620079838606,80.17882249655347
KGC,KINROSS GOLD CORP,Basic Materials,Gold,N,2026-06-18,31846900000.0,30385100000.0,11.1,26.67,0.311,7051100000.0,5148800000.0,2964900000.0,1456500000.0,1.0,4351100000.0,-1017600000.0,-0.233871894463469,2025-12-31,2026-03-26,31.8469,31.1,36.94647296457427,9.309854334330813,10.248271442544437,76.5024154589372,79.54926219127962
INCY,INCYTE CORP,Healthcare,Biotechnology,N,2026-06-18,19622600000.0,16193500000.0,13.7,98.22,0.773,5141242000.0,4241217000.0,1354631000.0,249074000.0,1.0,1760165000.0,-3064954000.0,-1.7412878906238904,2025-12-31,2026-02-10,19.6226,77.3,21.220913714153266,6.903422584163159,11.954177927420826,38.93329457927626,78.24981861062905
SGHC,SUPER GROUP (SGHC) LTD,Consumer Cyclical,Gambling,N,2026-06-18,6743400000.0,6369300000.0,23.3,13.32,2.085,2231000000.0,1696854000.0,445000000.0,352018000.0,0.86,440000000.0,-432000000.0,-0.9818181818181818,2025-12-31,2026-04-17,6.7434,208.5,31.478606880733405,7.6733081303958866,12.309208988764045,48.51697183852659,77.32611160754682
AU,ANGLOGOLD ASHANTI PLC,Basic Materials,Gold,N,2026-06-18,45890000000.0,45243000000.0,17.4,90.87,0.299,9893000000.0,5793000000.0,3349000000.0,894000000.0,1.0,3738000000.0,-647000000.0,-0.1730872124130551,2025-12-31,2026-03-26,45.89,29.9,70.77507336440532,7.29788624972761,13.509405792773963,89.8967519896752,76.17098012839686
IAG,IAMGOLD CORP,Basic Materials,Gold,N,2026-06-18,9978500000.0,10079300000.0,9.9,16.88,0.176,2852800000.0,1633000000.0,849100000.0,-72600000.0,1.0,1435000000.0,339900000.0,0.23686411149825784,2025-12-31,2026-04-02,9.9785,17.599999999999998,74.69687691365586,8.509294984216066,11.870568837592746,114.58885941644562,75.92281959475567
NTCT,NETSCOUT SYSTEMS INC,Technology,Software - Infrastructure,N,2026-06-18,2836200000.0,2289300000.0,29.7,39.67,2.527,859482000.0,822679000.0,285426000.0,212263000.0,1.0,176746000.0,-546907000.0,-3.0943104794450793,2026-12-31,2026-05-14,2.8362,252.70000000000002,4.4735552992114735,10.063676750581765,8.020642828614072,64.62642465175179,75.1764275805764
BLBD,BLUE BIRD CORP,Consumer Cyclical,Auto Manufacturers,N,2026-06-18,2341500000.0,2153600000.0,17.6,73.99,0.88,1480099000.0,1347154000.0,153342000.0,95849000.0,1.0,194434000.0,-138989000.0,-0.7148389684931648,2025-12-31,2025-11-24,2.3415,88.0,9.868582211090926,6.548878923766815,14.044423576058744,54.62807940684047,73.2603782419253
AUPH,AURINIA PHARMACEUTICALS INC,Healthcare,Biotechnology,N,2026-06-18,2116800000.0000002,2144400000.0,7.1,16.46,0.238,283055000.0,235133000.0,135406000.0,44107000.0,1.0,137936000.0,-5401000.0,-0.03915584038974597,2025-12-31,2026-02-26,2.1168000000000005,23.799999999999997,20.38080575674193,6.3967309145880575,15.836816684637313,96.5865992414665,73.0256936953129
GCT,GIGACLOUD TECHNOLOGY INC,Technology,Software - Infrastructure,N,2026-06-18,1250000000.0,1393800000.0,8.4,33.98,0.166,1289897000.0,1161042000.0,182978000.0,144645000.0,1.0,175059000.0,88797000.0,0.5072404160882902,2025-12-31,2026-02-26,1.25,16.6,11.098220391682645,14.63824,7.61730918471073,100.16759776536315,72.58496021506204
INVX,INNOVEX INTERNATIONAL INC,Energy,Oil & Gas Equipment & Services,N,2026-06-18,1758200000.0,1633700000.0,33.9,25.57,0.156,978251000.0,660803000.0,255839000.0,83092000.0,1.0,204351000.0,-124120000.0,-0.607386310808364,2025-12-31,2026-02-24,1.7582,15.6,48.03973347578627,14.551188715732,6.385656604348829,89.44478340451494,72.35166939411903
RAMP,LIVERAMP HOLDINGS INC,Technology,Software - Infrastructure,N,2026-06-18,2267700000.0,1888200000.0,15.5,37.74,0.808,812940000.0,745580000.0,166379000.0,152923000.0,1.0,112639000.0,-379547000.0,-3.369587798187129,2026-12-31,2026-05-21,2.2677,80.80000000000001,9.034577107755037,7.336905234378445,11.348788008101984,19.923615531508588,71.79977186256123
MLI,MUELLER INDUSTRIES INC,Industrials,Metal Fabrication,N,2026-06-18,15191300000.0,13831800000.0,17.9,137.39,0.724,4178547000.0,3768766000.0,686639000.0,565705000.0,1.0,1081211000.0,-1339513000.0,-1.2389006401155742,2025-12-31,2026-02-25,15.1913,72.39999999999999,10.873081533849538,4.519948918130772,20.144209693885724,83.0206274531637,71.44988799262937
HRMY,HARMONY BIOSCIENCES HOLDINGS INC,Healthcare,Biotechnology,N,2026-06-18,1926700000.0,1496100000.0,13.2,33.28,0.552,868453000.0,714734000.0,347889000.0,218668000.0,1.0,255048000.0,-588839000.0,-2.3087379630500924,2025-12-31,2026-02-24,1.9267,55.2,21.50716210506287,18.056210100171278,4.300509645317903,-6.2519248537111105,71.1822433384459
TAL,TAL EDUCATION GROUP,Consumer Defensive,Education & Training Services,N,2026-06-18,5086100000.0,3722100000.0,9.6,9.19,0.319,3008908000.0,2250233000.0,509885000.0,286984000.0,1.0,757589000.0,-1363954000.0,-1.8003878092210948,2026-12-31,2026-06-12,5.0861,31.900000000000002,33.715397472172896,10.02506832346985,7.2998813457936595,1.2512030798844886,70.78668426733246
CRUS,CIRRUS LOGIC INC,Technology,Semiconductors,N,2026-06-18,8360799999.999999,7693800000.0,20.2,165.29,0.407,1997379000.0,1896077000.0,636610000.0,421590000.0,1.0,549932000.0,-666953000.0,-1.2127917633452863,2026-12-31,2026-05-21,8.3608,40.699999999999996,5.342715512080987,7.614223519280452,12.085578297544808,55.9318753628798,70.13293242104153
GSL,GLOBAL SHIP LEASE INC,Industrials,Marine Shipping,N,2026-06-18,1360900000.0,1464600000.0,3.6,37.89,0.171,766451000.0,711055000.0,447927000.0,187652000.0,1.0,563896000.0,165646000.0,0.2937527487338091,2025-12-31,2026-03-16,1.3609,17.1,7.7906772331254315,32.914027481813505,3.269729219270104,61.372796482514346,69.45582234361319
CALM,CAL-MAINE FOODS INC,Consumer Defensive,Farm Products,N,2026-06-18,3682600000.0,3290400000.0,5.3,77.73,0.796,4261885000.0,2326443000.0,1067361000.0,304554000.0,1.0,1699591000.0,-499392000.0,-0.2938306922077135,2025-12-31,2025-07-22,3.6826,79.60000000000001,83.19318375734974,28.983897246510615,3.0827433267657334,-17.766497461928942,69.10091126623642
B,BARRICK MINING CORP,Basic Materials,Gold,N,2026-06-18,67609800000.0,65204800000.0,11.0,40.34,0.163,16956000000.0,12922000000.0,3868000000.0,1317000000.0,1.0,8777000000.0,-2003000000.0,-0.22821009456534122,2025-12-31,2026-02-27,67.6098,16.3,31.218077696950928,5.721064106091129,16.85749741468459,88.39136056702266,68.83333207034902
ATAT,ATOUR LIFESTYLE HOLDINGS LTD,Consumer Cyclical,Lodging,N,2026-06-18,4568200000.0,4228000000.0,16.9,33.29,0.565,9790159000.0,7247932000.0,1912042000.0,1672659000.0,6.82,2641026000.0,-1779029000.0,-0.6736128307710716,2025-12-31,2026-04-17,4.5682,56.49999999999999,35.07520489982523,6.137167035509151,15.08071475417381,18.696199178916693,68.1192904635238
ITRN,ITURAN LOCATION & CONTROL LTD,Technology,Communication Equipment,N,2026-06-18,1297200000.0,1193600000.0,21.6,65.49,0.568,359023000.0,336257000.0,67703000.0,61094000.0,1.0,93890000.0,-102806000.0,-1.0949621897965705,2025-12-31,2026-04-23,1.2972,56.8,6.770416675340596,5.219164353993216,17.62994254316648,70.60092265292674,67.89914132842206
FLYW,FLYWIRE CORP,Technology,Software - Infrastructure,N,2026-06-18,1956200000.0,1644300000.0,64.8,15.85,1.754,623025000.0,492144000.0,90319000.0,85227000.0,1.0,51024000.0,-330303000.0,-6.473483066792098,2025-12-31,2026-02-24,1.9562,175.4,26.594045645177022,4.61706369491872,18.20547171691449,46.70991658943466,67.81492910685523
INVA,INNOVIVA INC,Healthcare,Biotechnology,N,2026-06-18,1660000000.0,1315000000.0,3.3,22.49,0.352,411328000.0,358711000.0,195811000.0,184521000.0,1.0,383788000.0,-293210000.0,-0.7639894941999229,2025-12-31,2026-02-25,1.66,35.199999999999996,14.668354190420697,11.795843373493977,6.71565948797565,1.3526119402984982,67.79402478869014
YOU,CLEAR SECURE INC,Technology,Software - Application,N,2026-06-18,6875800000.0,6702300000.0,56.1,51.45,0.47,900779000.0,770488000.0,343112000.0,283668000.0,1.0,188030000.0,-88498000.0,-0.4706589374036058,2025-12-31,2026-02-25,6.8758,47.0,16.910191982224255,4.990139329241688,19.533854834572967,147.58267619008296,66.92071852941936
AEM,AGNICO EAGLE MINES LTD,Basic Materials,Gold,N,2026-06-18,83336000000.0,80543300000.0,15.6,166.66,0.272,11907851000.0,8285753000.0,4383941000.0,2126647000.0,1.0,8440353000.0,-2544583000.0,-0.3014782675558712,2025-12-31,2026-03-19,83.336,27.200000000000003,43.71477160856714,5.260560862052414,18.372350357817314,40.89657532014728,66.74897292820366
DAVE,DAVE INC,Technology,Software - Application,N,2026-06-18,3997900000.0,4130899999.9999995,17.8,314.44,0.511,554182000.0,347076000.0,283249000.0,117575000.0,1.0,182163000.0,-7160000.0,-0.039305457200419405,2025-12-31,2026-03-02,3.9979,51.1,59.67165692816558,7.084944595912853,14.58398793993977,17.061588171937746,66.67182132708359
PRDO,PERDOCEO EDUCATION CORP,Consumer Defensive,Education & Training Services,N,2026-06-18,2008400000.0,1960500000.0,11.8,32.03,0.304,846096000.0,681263000.0,216664000.0,156969000.0,1.0,264928000.0,-13949000.0,-0.05265204130933688,2025-12-31,2026-02-19,2.0084,30.4,24.19520801804882,10.787890858394743,9.048572905512684,8.253112565781006,66.42245044377746
LOGI,LOGITECH INTERNATIONAL SA,Technology,Computer Hardware,N,2026-06-18,15450200000.0,13708700000.0,21.7,107.64,1.817,4840761000.0,4554900000.0,975645000.0,786429000.0,1.0,903973000.0,-1741546000.0,-1.9265464787112005,2026-12-31,2026-05-21,15.4502,181.7,6.2759006783903,6.314772624302598,14.050909910879469,23.397416820427352,65.7293388333245
ORLA,ORLA MINING LTD,Basic Materials,Gold,N,2026-06-18,3590700000.0,3478600000.0,14.2,10.38,0.196,1057881000.0,343918000.0,686280000.0,145191000.0,1.0,462765000.0,-58694000.0,-0.12683327390792304,2025-12-31,2026-03-20,3.5907,19.6,207.59686902110386,19.112707828557106,5.068776592644402,7.46440258247103,65.70619177992769
AGX,ARGAN INC,Industrials,Engineering & Construction,N,2026-06-18,10358100000.0,10002300000.0,64.2,738.85,1.184,944606000.0,874179000.0,399322000.0,144684000.0,1.0,166682000.0,-339481000.0,-2.0366986237266174,2025-12-31,2026-03-26,10.3581,118.39999999999999,8.056359166715277,3.855166488062482,25.048206710374085,202.22041610947565,65.43996996231569
CF,CF INDUSTRIES HOLDINGS INC,Basic Materials,Agricultural Inputs,N,2026-06-18,15813100000.0,17391100000.0,9.0,102.93,0.178,7084000000.0,5936000000.0,1812000000.0,1758000000.0,1.0,2949000000.0,1654000000.0,0.5608680908782638,2025-12-31,2026-02-25,15.8131,17.8,19.339622641509436,11.458853735194237,9.597737306843268,27.402624577765835,65.3968746014363
OPLN,OPENLANE INC,Consumer Cyclical,Auto & Truck Dealerships,N,2026-06-18,4033400000.0,4423800000.0,22.6,38.07,0.466,1934500000.0,1788500000.0,378900000.0,239300000.0,1.0,411900000.0,403200000.0,0.9788783685360525,2025-12-31,2026-02-18,4.0334,46.6,8.163265306122458,9.394059602320622,11.675376088677751,54.349775784753376,65.34285285931337
AZZ,AZZ INC,Industrials,Specialty Business Services,N,2026-06-18,4696600000.0,5234300000.0,14.8,157.18,0.337,1650080000.0,1577744000.0,450497000.0,134912000.0,1.0,566021000.0,537681000.0,0.9499311862987415,2026-12-31,2026-04-22,4.6966,33.7,4.584774209250675,9.591981433377336,11.618945298192886,52.541609930115584,64.43113053834169
FOXA,FOX CORP,Communication Services,Entertainment,N,2026-06-18,21946300000.0,24950300000.0,12.8,52.23,0.205,16300000000.0,13980000000.0,2993000000.0,1495000000.0,1.0,3643000000.0,1251000000.0,0.3433982981059566,2025-12-31,2025-08-06,21.9463,20.5,16.59513590844064,13.637834167946306,8.336217841630472,20.492048084820414,64.35356990018427
KYIV,KYIVSTAR GROUP LTD,Communication Services,Telecom Services,N,2026-06-18,3269000000.0,3442000000.0,19.5,14.16,0.31,1157000000.0,0.0,317000000.0,-339537.0,1.0,486000000.0,61000000.0,0.12551440329218108,2025-12-31,2026-03-16,3.269,31.0,,9.697155093300704,10.858044164037855,25.186567164179085,63.81940947425176
NUTX,NUTEX HEALTH INC,Healthcare,Health Information Services,N,2026-06-18,1035700000.0,1174100000.0,10.7,150.51,0.18,875257000.0,479948633.0,245599000.0,20849910.0,1.0,177969000.0,165522000.0,0.9300608532946749,2025-12-31,2026-03-05,1.0357,18.0,82.36472401828885,23.713333977020373,4.7805569240917105,9.42857142857143,63.767818451216755
KSPI,JOINT STOCK CO KASPIKZ,Technology,Software - Infrastructure,N,2026-06-18,15621200000.0,13784700000.0,6.9,82.205,0.25,4046074000000.0,2532156000000.0,491105000000.0,486685000000.0,490.4,2246086000000.0,-928067000000.0,-0.41319299439113194,2025-12-31,2026-03-16,15.6212,25.0,59.78770660259478,6.4107597492995785,13.764911536229523,7.769832991944914,63.5349268331041
FTI,TECHNIPFMC PLC,Energy,Oil & Gas Equipment & Services,N,2026-06-18,25983400000.0,26326700000.0,24.0,65.17,0.265,9932600000.0,9083300000.0,1447400000.0,679400000.0,1.0,1790000000.0,310700000.0,0.1735754189944134,2025-12-31,2026-02-19,25.9834,26.5,9.350126055508468,5.570479613907341,18.188959513610612,110.07734303912646,63.414386628246746
NTES,NETEASE INC,Communication Services,Electronic Gaming & Multimedia,N,2026-06-18,77605700000.0,59300900000.0,15.5,121.33,1.282,112625807000.0,105295236000.0,48733221000.0,37484958000.0,6.82,42039913000.0,-137396884000.0,-3.2682485332450617,2025-12-31,2026-04-15,77.6057,128.2,6.9619208603131755,9.207614360430496,8.298900210187215,-10.073801321154264,63.32077418303165
GMED,GLOBUS MEDICAL INC,Healthcare,Medical Devices,N,2026-06-18,10755000000.0,10309300000.0,18.3,79.23,0.287,2938931000.0,2519355000.0,588768000.0,405209000.0,1.0,874769000.0,-407500000.0,-0.4658372667527084,2025-12-31,2026-02-24,10.755,28.7,16.654103927394104,5.4743654114365405,17.509952986575357,37.47850017199863,63.28504110741408
CAAP,CORPORACION AMERICA AIRPORTS SA,Industrials,Airports & Air Services,N,2026-06-18,4550100000.0,4977700000.0,15.7,27.54,0.483,1962134000.0,1843267000.0,448681000.0,393109000.0,1.0,795721000.0,512191000.0,0.6436816421836297,2025-12-31,2026-03-17,4.5501,48.3,6.448713073038248,9.860904155952618,11.094073517710802,24.467532467532482,63.24874877054682
CRDO,CREDO TECHNOLOGY GROUP HOLDING LTD,Technology,Communication Equipment,N,2026-06-18,50690300000.0,49546000000.0,107.3,271.83,0.713,1335116000.0,436775000.0,406996000.0,29022000.0,1.0,510472000.0,-1144335000.0,-2.2417194282938144,2026-12-31,2026-06-15,50.6903,71.3,205.67592009615936,0.8029070650597846,121.73584015567721,112.00602182913065,62.864235080766605
HCSG,HEALTHCARE SERVICES GROUP INC,Healthcare,Medical Care Facilities,N,2026-06-18,1574700000.0,1447800000.0,23.2,22.94,0.161,1837173000.0,1715682000.0,139255000.0,24677000.0,1.0,86224000.0,-121107000.0,-1.404562534793097,2025-12-31,2026-02-13,1.5747,16.1,7.081207356608044,8.843271734298597,10.396754156044667,43.37931034482758,62.74271163045224
ZM,ZOOM COMMUNICATIONS INC,Technology,Software - Application,N,2026-06-18,25323500000.0,24464500000.0,12.2,86.36,0.308,4868769000.0,4665433000.0,1924087000.0,1808748000.0,1.0,2579894000.0,-1242167000.0,-0.48147985925003123,2025-12-31,2026-02-27,25.3235,30.8,4.358352161524981,7.5980294982920995,12.71486164606902,25.01925545571244,62.66265936091222
INOD,INNODATA INC,Technology,Information Technology Services,N,2026-06-18,3118600000.0,3014900000.0,79.4,95.5,1.363,251663000.0,170461000.0,35648000.0,27274000.0,1.0,48314000.0,-70175000.0,-1.4524775427412344,2025-12-31,2026-02-26,3.1186,136.3,47.63670282351975,1.1430770217405246,84.57416965888689,102.50287026406428,62.21238721529406
OPRA,OPERA LTD,Communication Services,Internet Content & Information,N,2026-06-18,1658500000.0,1525500000.0,14.4,18.52,0.386,614825000.0,480648000.0,102483000.0,74370000.0,1.0,144687000.0,-147056000.0,-1.0163732747240595,2025-12-31,2026-03-27,1.6585,38.6,27.915855262062884,6.179258365993368,14.885395626591727,-2.082385070550752,62.18755819294061
VEON,VEON LTD,Communication Services,Telecom Services,N,2026-06-18,3848500000.0,7261500000.0,7.2,52.03,0.186,4399000000.0,4004000000.0,630000000.0,625000000.0,1.0,2072000000.0,3413000000.0,1.6472007722007722,2025-12-31,2026-03-16,3.8485,18.6,9.865134865134873,16.370014291282317,11.526190476190477,38.51824087956022,62.17436817104419
FIX,COMFORT SYSTEMS USA INC,Industrials,Engineering & Construction,N,2026-06-18,69257600000.0,68546500000.0,56.6,1967.41,1.392,9101641000.0,7027476000.0,1035148000.0,743524000.0,1.0,1444421000.0,-534082000.0,-0.36975507833242527,2025-12-31,2026-02-19,69.2576,139.2,29.515077675114078,1.4946345238645289,66.21903341357951,269.3758953647423,61.851982805554165
FSLR,FIRST SOLAR INC,Technology,Solar,N,2026-06-18,27690700000.0,25753500000.0,16.6,257.7,0.179,5219376000.0,4206289000.0,1187230000.0,-308077000.0,1.0,2154260000.0,-2304942000.0,-1.0699460603641158,2025-12-31,2026-02-24,27.6907,17.9,24.08505454570524,4.287468355801767,21.692089990987423,54.0722724113968,61.77662788518893
BCRX,BIOCRYST PHARMACEUTICALS INC,Healthcare,Biotechnology,N,2026-06-18,2284900000.0,2970500000.0,-5.0,8.99,0.39,874837000.0,450712000.0,344901000.0,-53144000.0,1.0,347652000.0,387392000.0,1.1143097120108614,2025-12-31,2026-02-26,2.2849,39.0,94.10111113083299,15.094796271171603,8.612616373973982,-12.036108324974936,61.33872662562798
WLDN,WILLDAN GROUP INC,Industrials,Engineering & Construction,N,2026-06-18,1344800000.0,1380700000.0,23.8,89.0,0.257,681552000.0,565798000.0,70743000.0,63694000.0,1.0,64428000.0,3362000.0,0.05218228099584032,2025-12-31,2026-02-27,1.3448,25.7,20.45853820621495,5.2604848304580605,19.51712536929449,54.15363225582204,61.32562427661471
TKC,TURKCELL ILETISIM HIZMETLERI A S,Communication Services,Telecom Services,N,2026-06-18,5376800000.0,6866700000.0,13.7,6.11,0.184,241470821000.0,166671364000.0,53349606000.0,34466388000.0,44.85,116416293000.0,66820844000.0,0.5739818910055828,2025-12-31,2026-04-17,5.3768,18.4,44.87840934691096,22.123044179900365,5.772704207037631,5.300478638539263,61.262317270043134
AAUC,ALLIED GOLD CORP,Basic Materials,Gold,N,2026-06-18,3227600000.0,3050100000.0,-25.8,25.64,0.267,1331824000.0,730382000.0,91299000.0,-76836000.0,1.0,281123000.0,-310003000.0,-1.102730833122868,2025-12-31,2026-04-01,3.2276,26.700000000000003,82.34622430454202,2.8286962448878423,33.40781388624191,96.17292700212616,61.237287213407875
DECK,DECKERS OUTDOOR CORP,Consumer Cyclical,Footwear & Accessories,N,2026-06-18,15153300000.0,13621200000.0,14.8,109.11,0.953,5472296000.0,4985612000.0,1097343000.0,969520000.0,1.0,1406895000.0,-1532055000.0,-1.088961862825584,2026-12-31,2026-05-22,15.1533,95.3,9.761770470706498,7.241610738255034,12.412891866991451,-8.127862781405327,61.01269147048458
PAAS,PAN AMERICAN SILVER CORP,Basic Materials,Gold,N,2026-06-18,20649800000.0,19999800000.0,25.3,49.0,0.177,3619000000.0,2818900000.0,1024000000.0,404600000.0,1.0,1817000000.0,-363000000.0,-0.19977985690698954,2025-12-31,2026-02-18,20.6498,17.7,28.383411969207838,4.958885800346734,19.5310546875,82.57476345051454,60.932736295698966
CDE,COEUR MINING INC,Basic Materials,Gold,N,2026-06-18,18114300000.0,18032500000.0,22.7,17.51,0.2,2070126000.0,1054006000.0,665730000.0,-8917000.0,1.0,985557000.0,-213064000.0,-0.21618637988467435,2025-12-31,2026-02-18,18.1143,20.0,96.40552330821646,3.6751627167486465,27.086806963784117,81.76981541802387,60.585260054054515
POWL,POWELL INDUSTRIES INC,Industrials,Electrical Equipment & Parts,N,2026-06-18,10827500000.0,10291700000.0,57.9,297.2,1.155,1104318000.0,1012356000.0,154808000.0,96785000.0,1.0,240815000.0,-449075000.0,-1.864813238378008,2025-12-31,2025-11-19,10.8275,115.5,9.083958607446396,1.4297667975063495,66.48041444886569,334.9155925155925,60.36928289056592
EXEL,EXELIXIS INC,Healthcare,Biotechnology,N,2026-06-18,13047800000.0,12991200000.0,15.7,51.91,0.422,2320126000.0,2168701000.0,875838000.0,671536000.0,1.0,994490000.0,-309450000.0,-0.311164516485837,2025-12-31,2026-02-10,13.0478,42.199999999999996,6.9822903203346165,6.71253391376324,14.832880053160515,17.68830854793859,60.34664474191862
KRYS,KRYSTAL BIOTECH INC,Healthcare,Biotechnology,N,2026-06-18,10260700000.0,9768500000.0,45.6,348.06,0.26,389130000.0,290515000.0,189349000.0,119182000.0,1.0,196022000.0,-486965000.0,-2.4842364632541245,2025-12-31,2026-02-17,10.2607,26.0,33.94489096948523,1.8453809194304485,51.589921256515744,125.58067989540072,60.10972346986765
OII,OCEANEERING INTERNATIONAL INC,Energy,Oil & Gas Equipment & Services,N,2026-06-18,3596800000.0,3709300000.0,10.6,36.06,0.171,2784156000.0,2661161000.0,216725000.0,96295000.0,1.0,425132000.0,55812000.0,0.13128157842740606,2025-12-31,2026-02-20,3.5968,17.1,4.621854897167066,6.0254948843416365,17.115238205098628,73.64093193238921,59.970391713857
KNSA,KINIKSA PHARMACEUTICALS INTERNATIONAL PLC,Healthcare,Biotechnology,N,2026-06-18,4240100000.0000005,4059200000.0,58.0,55.11,0.23,677564000.0,423239000.0,136417000.0,25437000.0,1.0,94088000.0,-156099000.0,-1.6590744834622906,2025-12-31,2026-02-24,4.240100000000001,23.0,60.09016182346145,3.2173061956085935,29.755822221570625,90.8407871198569,59.93718083400751
BKE,BUCKLE INC,Consumer Cyclical,Apparel Retail,N,2026-06-18,2327100000.0,2471800000.0,10.5,45.17,0.314,1297835000.0,1217689000.0,211526000.0,199739000.0,1.0,301537000.0,134353000.0,0.4455605779721892,2025-12-31,2026-04-01,2.3271,31.4,6.581811940487259,9.089682437368399,11.68556111305466,16.767854095043045,59.8972068442439
VICR,VICOR CORP,Technology,Electronic Components,N,2026-06-18,15104300000.0,14707200000.0,110.5,331.37,0.315,452701000.0,359058000.0,119230000.0,27240000.0,1.0,115317000.0,-395629000.0,-3.430795112602652,2025-12-31,2026-03-02,15.1043,31.5,26.080187602003015,0.7893778592851043,123.35150549358383,450.1242937853108,59.59677551089451
EPAM,EPAM SYSTEMS INC,Technology,Information Technology Services,N,2026-06-18,4004000000.0,3255000000.0,10.4,76.64,0.389,5457056000.0,4727940000.0,612691000.0,527022000.0,1.0,671705000.0,-1152373000.0,-1.715593899107495,2025-12-31,2026-02-26,4.004,38.9,15.421430898023235,15.301973026973027,5.312629041392807,-40.378455332779694,59.55749929625838
GNTX,GENTEX CORP,Consumer Cyclical,Auto Parts,N,2026-06-18,5526100000.0,5365200000.0,14.2,25.95,0.268,2534268965.0,2313314333.0,466445433.0,356854818.0,1.0,565263469.0,-141849790.0,-0.25094455555556167,2025-12-31,2026-02-24,5.5261,26.8,9.551431418032031,8.440770760572555,11.502310067638716,7.824019024970297,59.31043186461921
CART,INSTACART (MAPLEBEAR INC),Consumer Cyclical,Internet Retail,N,2026-06-18,10470600000.0,9763600000.0,22.0,44.55,0.384,3742000000.0,3378000000.0,910000000.0,623000000.0,1.0,664000000.0,-773000000.0,-1.1641566265060241,2025-12-31,2026-02-26,10.4706,38.4,10.775606867969213,8.691001470784865,10.72923076923077,-5.901262916188288,58.9972957769776
GRDN,GUARDIAN PHARMACY SERVICES INC,Healthcare,Medical Care Facilities,N,2026-06-18,2685400000.0,2657400000.0,50.6,42.41,0.588,1448685000.0,1228409000.0,80710000.0,41592000.0,1.0,96684000.0,-28477000.0,-0.29453684166976957,2025-12-31,2026-03-11,2.6854,58.8,17.93181261290011,3.0055112832352724,32.92528806839301,84.443314692425,58.91612096466489
MCRI,MONARCH CASINO & RESORT INC,Consumer Cyclical,Resorts & Casinos,N,2026-06-18,2319200000.0,2212100000.0,21.3,130.66,0.272,545125000.0,522186000.0,128466000.0,93389000.0,1.0,181051000.0,-83170000.0,-0.45937332574799367,2025-12-31,2026-02-24,2.3192,27.200000000000003,4.392879165661268,5.539237668161435,17.219342082730062,42.67438060541511,58.20320344687133
IESC,IES HOLDINGS INC,Industrials,Engineering & Construction,N,2026-06-18,14193600000.0,14251400000.0,37.3,712.39,0.573,3371468000.0,2884358000.0,219676000.0,192939000.0,1.0,451535000.0,-65204000.0,-0.14440519561052853,2025-12-31,2025-11-21,14.1936,57.3,16.887986858774127,1.5477116446849284,64.87463355122999,135.57323902151492,58.19878090914762
FFIV,F5 INC,Technology,Software - Infrastructure,N,2026-06-18,21749100000.0,20532900000.0,30.7,385.49,0.748,3088072000.0,2816120000.0,906406000.0,762007000.0,1.0,932238000.0,-1113524000.0,-1.1944632164747628,2025-12-31,2025-11-25,21.7491,74.8,9.656974844821953,4.167556358653921,22.65309364677639,32.887487438927195,58.134531334038144
VCYT,VERACYTE INC,Healthcare,Biotechnology,N,2026-06-18,4279300000.0,4053800000.0,48.6,53.63,0.34,517145000.0,445764000.0,126630000.0,63809000.0,1.0,92607000.0,-324572000.0,-3.504832248102195,2025-12-31,2026-02-26,4.2793,34.0,16.013181863048608,2.959128829481457,32.01295111742873,55.79222720478325,57.797087921508385
PGNY,PROGYNY INC,Healthcare,Health Information Services,N,2026-06-18,2042900000.0,1934500000.0,30.2,26.08,0.229,1288661000.0,1167221000.0,191782000.0,173700000.0,1.0,100380000.0,-88238000.0,-0.8790396493325363,2025-12-31,2026-02-27,2.0429,22.900000000000002,10.404199376125,9.387733124479906,10.086973751446955,14.259173246632617,57.77924617538495
ZTO,ZTO EXPRESS (CAYMAN) INC,Industrials,Integrated Freight & Logistics,N,2026-06-18,17075500000.0,18598600000.0,12.6,22.0,0.19,49098667000.0,44280720000.0,6091720000.0,5691677000.0,6.82,14613977000.0,1436915000.0,0.09832470654634258,2025-12-31,2026-04-17,17.0755,19.0,10.880462196639984,5.230968792986058,20.82210804173534,41.043301191830885,57.68522608476556
LAUR,LAUREATE EDUCATION INC,Consumer Defensive,Education & Training Services,N,2026-06-18,5099400000.0,5659100000.0,18.2,36.43,0.358,1701930000.0,1566642000.0,263438000.0,178811000.0,1.0,520390000.0,363396000.0,0.6983147254943408,2025-12-31,2026-02-19,5.0994,35.8,8.635540219143877,5.1660587520100405,21.48171486270014,46.5478841870824,57.3273125229704
ERO,ERO COPPER CORP,Basic Materials,Copper,N,2026-06-18,3102300000.0,3614500000.0,10.6,29.75,0.168,785844000.0,470259000.0,112697000.0,-192167000.0,1.0,476840000.0,526905000.0,1.1049932891535945,2025-12-31,2026-03-30,3.1023,16.8,67.10876346864174,3.632691873771073,32.07272598205809,72.46566383257031,57.22394227656793
STRA,STRATEGIC EDUCATION INC,Consumer Defensive,Education & Training Services,N,2026-06-18,1703400000.0,1662300000.0,13.1,75.33,0.552,1268220000.0,1219930000.0,156146000.0,128751000.0,1.0,225803000.0,-31636000.0,-0.14010442731053174,2025-12-31,2026-02-27,1.7034,55.2,3.9584238439910546,9.166725372783844,10.645805848372676,-2.24833866601033,57.209858527300014
XPEL,XPEL INC,Consumer Cyclical,Auto Parts,N,2026-06-18,1252600000.0,1228300000.0,23.6,45.45,0.382,476200000.0,420400000.0,62978000.0,39275000.0,1.0,77035000.0,-28001000.0,-0.36348413058999157,2025-12-31,2026-02-27,1.2526,38.2,13.27307326355851,5.027782212996966,19.5036361904157,19.113191958138252,56.98538458834935
SKY,CHAMPION HOMES INC,Consumer Cyclical,Residential Construction,N,2026-06-18,4574900000.0,4045700000.0,22.1,83.34,0.36,2663639000.0,2483448000.0,274903000.0,191957000.0,1.0,318992000.0,-529170000.0,-1.6588817274414405,2026-12-31,2026-05-26,4.5749,36.0,7.255678395521059,6.008940086122101,14.716827390024845,8.121995690369644,56.95166760763328
PEGA,PEGASYSTEMS INC,Technology,Software - Application,N,2026-06-18,5044800000.0,4831900000.0,14.8,30.09,0.522,1745812000.0,1497180000.0,490723000.0,338214000.0,1.0,307824000.0,-151622000.0,-0.49256068402723635,2025-12-31,2026-02-10,5.0448,52.2,16.606687238675377,9.727303361877578,9.846491809024643,-33.286866474161116,56.49237457692376
ADBE,ADOBE INC,Technology,Software - Infrastructure,N,2026-06-18,77576100000.0,79722100000.0,10.7,195.16,1.23,23769000000.0,21505000000.0,9852000000.0,7873000000.0,1.0,9815000000.0,1217000000.0,0.1239938869077942,2025-12-31,2026-01-15,77.5761,123.0,10.527784236224136,12.699787692343389,8.091971173365813,-33.36730427511236,56.26561041197446
EXPD,EXPEDITORS INTERNATIONAL OF WASHINGTON INC,Industrials,Integrated Freight & Logistics,N,2026-06-18,21099200000.0,20347700000.0,25.2,161.32,0.527,11069009000.0,10600515000.0,953400000.0,682895000.0,1.0,1149116000.0,-743696000.0,-0.6471896657952722,2025-12-31,2026-02-25,21.0992,52.7,4.41953999404745,4.518654735724578,21.342248793790645,39.203693017888064,56.257134088364246
FTDR,FRONTDOOR INC,Consumer Cyclical,Personal Services,N,2026-06-18,5026000000.0,5607000000.0,19.3,71.56,0.405,2093000000.0,1843000000.0,390000000.0,231000000.0,1.0,507000000.0,625000000.0,1.232741617357002,2025-12-31,2026-02-26,5.026,40.5,13.564839934888774,7.759649820931158,14.376923076923077,9.30560451180824,56.16562367912375
BILI,BILIBILI INC,Communication Services,Electronic Gaming & Multimedia,N,2026-06-18,7214700000.0,6434200000.0,34.7,17.2,0.192,30347766000.0,26831525000.0,6726550000.0,5623794000.0,6.82,3548745000.0,-8119948000.0,-2.2881181938967154,2025-12-31,2026-04-16,7.2147,19.2,13.104886882128387,13.670667580896561,6.523588466598777,-2.912621359223311,56.09567333585722
CVCO,CAVCO INDUSTRIES INC,Consumer Cyclical,Residential Construction,N,2026-06-18,4622000000.0,4395100000.0,24.3,601.51,0.372,2244505000.0,2015458000.0,232288000.0,157253000.0,1.0,268284000.0,-226865000.0,-0.8456150944521478,2026-12-31,2026-05-22,4.622,37.2,11.364513673815079,5.025703158805712,18.920908527345365,15.902232198528488,56.06028181853592
REX,REX AMERICAN RESOURCES CORP,Basic Materials,Chemicals,N,2026-06-18,1444000000.0,1345900000.0,15.6,43.84,0.156,650487000.0,642491000.0,49397000.0,-6864000.0,1.0,99611000.0,-167465000.0,-1.6811898284326028,2025-12-31,2026-03-30,1.444,15.6,1.2445310517968267,3.4208448753462606,27.246593922707856,103.71593724194881,55.8005165186111
NYT,NEW YORK TIMES CO,Consumer Cyclical,Publishing,N,2026-06-18,11825700000.0,11639000000.0,30.9,73.06,0.299,2824918000.0,2585919000.0,550505000.0,381339000.0,1.0,508149000.0,-255445000.0,-0.5026970435836733,2025-12-31,2026-02-27,11.8257,29.9,9.242323522121154,4.655157834208546,21.14240560939501,41.54066049800649,55.758469624391715
CLS,CELESTICA INC,Technology,Electronic Components,N,2026-06-18,42833200000.0,43227600000.0,44.7,372.55,0.362,12390900000.0,9646000000.0,458300000.0,305900000.0,1.0,1211500000.0,180900000.0,0.14931902600082542,2025-12-31,2026-02-27,42.8332,36.199999999999996,28.456354965788933,1.0699644201227085,94.32162339079206,156.56680284460583,55.74170328075942
MPWR,MONOLITHIC POWER SYSTEMS INC,Technology,Semiconductors,N,2026-06-18,76824600000.0,75761700000.0,112.8,1563.7,0.282,2790459000.0,2207100000.0,666189000.0,624117000.0,1.0,818729000.0,-1099302000.0,-1.3426933698452113,2025-12-31,2026-02-27,76.8246,28.199999999999996,26.43101807802093,0.8671558328972752,113.72403326983783,114.07386453114334,55.68479915730586
BZ,KANZHUN LTD,Industrials,Staffing & Employment Services,N,2026-06-18,6354500000.0,5879800000.0,12.8,13.7,0.225,8267518000.0,7355677000.0,4483852000.0,2686568000.0,6.82,4060096000.0,-3946874000.0,-0.972113467267769,2025-12-31,2026-04-29,6.3545,22.5,12.396425237269115,10.346310567083755,8.943255932622218,-20.36347217518908,55.556112373716076
MCK,MCKESSON CORP,Healthcare,Medical Distribution,N,2026-06-18,90228800000.0,94867800000.0,18.9,750.63,0.939,403430000000.0,359051000000.0,5410000000.0,5226000000.0,1.0,7101000000.0,4639000000.0,0.653288269257851,2026-12-31,2026-05-08,90.2288,93.89999999999999,12.360082550946805,5.995868281524302,17.535637707948244,5.49091524032892,55.27100661082361
UI,UBIQUITI INC,Technology,Communication Equipment,N,2026-06-18,35675300000.0,35362600000.0,37.9,589.46,0.857,2573545000.0,1928490000.0,627441000.0,529541000.0,1.0,858181000.0,135288000.0,0.15764506555143962,2025-12-31,2025-08-22,35.6753,85.7,33.448708575102806,1.7587546565831262,56.36004022688986,54.82930062976465,55.19453438434939
RMBS,RAMBUS INC,Technology,Semiconductors,N,2026-06-18,15265700000.0,15170800000.0,66.4,141.17,0.288,707630000.0,556624000.0,333177000.0,199902000.0,1.0,325318000.0,-136937000.0,-0.42093274887955784,2025-12-31,2026-02-18,15.2657,28.799999999999997,27.128905688579728,2.182520290586085,45.533755331250354,103.58692025358694,55.19245264560076
DUOL,DUOLINGO INC,Technology,Software - Application,N,2026-06-18,5850200000.0,4800800000.0,13.9,125.56,0.668,1037589000.0,748024000.0,360424000.0,264373000.0,1.0,196801000.0,-945345000.0,-4.803557908750464,2025-12-31,2026-02-27,5.8502,66.8,38.710656342577245,6.160883388602099,13.319867711362173,-76.04450976275456,54.87722565504905
ABNB,AIRBNB INC,Industrials,Travel Services,N,2026-06-18,85831200000.0,81269200000.0,34.1,142.41,1.268,12241000000.0,11102000000.0,4646000000.0,4518000000.0,1.0,3137000000.0,-4561000000.0,-1.4539368823716927,2025-12-31,2026-02-12,85.8312,126.8,10.259412718429118,5.412950069438619,17.492294446835988,-1.6570443128139822,54.80438949775701
HL,HECLA MINING CO,Basic Materials,Other Precious Metals & Mining,N,2026-06-18,10704600000.0,10382100000.0,39.2,15.96,0.156,1423019000.0,929925000.0,310249000.0,3785000.0,1.0,686330000.0,33068000.0,0.04818090422974371,2025-12-31,2026-02-17,10.7046,15.6,53.025136435734055,2.8982773760813108,33.46376620069686,169.32323398649763,54.70108855468121
AGI,ALAMOS GOLD INC,Basic Materials,Gold,N,2026-06-18,15257700000.0,14817900000.0,14.4,36.34,0.212,1808800000.0,1346900000.0,271100000.0,235800000.0,1.0,1299400000.0,-400100000.0,-0.30791134369709094,2025-12-31,2026-03-26,15.2577,21.2,34.293562996510495,1.7768077757460168,54.65842862412394,44.04592714488742,54.617467282364395
GPOR,GULFPORT ENERGY CORP,Energy,Oil & Gas E&P,N,2026-06-18,2887900000.0,3749700000.0,5.1,160.71,0.177,1422583000.0,958131000.0,275774000.0,196160000.0,1.0,901744000.0,817715000.0,0.9068150162352064,2025-12-31,2026-02-25,2.8879,17.7,48.47479102544432,9.549291872987292,13.597003343317354,-6.2571900165057865,54.545518213838704
AFYA,AFYA LTD,Consumer Defensive,Education & Training Services,N,2026-06-18,1318700000.0,1695500000.0,8.6,14.07,0.335,3697255000.0,3304329000.0,1365573000.0,1295735000.0,5.23,1779331000.0,1994632000.0,1.1210010953555016,2025-12-31,2026-03-31,1.3187,33.5,11.891249327775766,19.800092825644818,6.4935854765728385,-22.78140606991932,54.25383561369503
RELY,REMITLY GLOBAL INC,Technology,Software - Infrastructure,N,2026-06-18,4442800000.0,3833000000.0,42.1,21.1,0.217,1635147000.0,1263963000.0,283262000.0,176783000.0,1.0,126001000.0,-350304000.0,-2.7801684113618146,2025-12-31,2026-02-18,4.4428,21.7,29.36668241079843,6.375754028990727,13.531642084007032,1.114341085271331,54.01016545731238
YELP,YELP INC,Communication Services,Internet Content & Information,N,2026-06-18,1258200000.0,1302700000.0,9.1,22.88,0.476,1464955000.0,1412064000.0,323676000.0,248468000.0,1.0,264519000.0,-191185000.0,-0.7227647163341764,2025-12-31,2026-02-27,1.2582,47.599999999999994,3.745651755161239,25.72532188841202,4.024703716061741,-36.204462016379544,53.90348174288912
ALAB,ASTERA LABS INC,Technology,Semiconductors,N,2026-06-18,71489100000.0,71340800000.0,267.1,417.07,0.201,852525000.0,396290000.0,281762000.0,102431000.0,1.0,227915000.0,-167611000.0,-0.7354101309698792,2025-12-31,2026-02-20,71.4891,20.1,115.12654873955941,0.3941328118552339,253.1952498917526,162.8995802389409,53.78311384282208
TUYA,TUYA INC,Technology,Software - Infrastructure,N,2026-06-18,1151000000.0,248600000.0,19.9,1.87,0.247,321791000.0,298617000.0,73920000.0,67417000.0,1.0,65027000.0,-885394000.0,-13.615790364002645,2025-12-31,2026-04-22,1.151,24.7,7.760442305695925,6.422241529105126,3.363095238095238,-13.72226787181594,53.61918842568875
MYRG,MYR GROUP INC,Industrials,Engineering & Construction,N,2026-06-18,7179800000.0,7078100000.0,50.6,461.1,0.241,3657889000.0,3362290000.0,240387000.0,19903000.0,1.0,233444000.0,-46647000.0,-0.19982094206747658,2025-12-31,2026-02-25,7.1798,24.099999999999998,8.791597393443151,3.3481016184294825,29.444603909529217,163.89604167914246,53.4995739557634
PTC,PTC INC,Technology,Software - Application,N,2026-06-18,13254300000.0,14196200000.0,10.6,114.75,0.504,2739226000.0,2298472000.0,856688000.0,735606000.0,1.0,1132612000.0,1185452000.0,1.0466532228159335,2025-12-31,2025-11-21,13.2543,50.4,19.175956896581738,6.463472231653124,16.571027025007936,-13.334925088043937,53.237483608088134
NBIX,NEUROCRINE BIOSCIENCES INC,Healthcare,Drug Manufacturers - Specialty & Generic,N,2026-06-18,15916100000.0,16055800000.0,23.8,158.29,0.2,2860500000.0,2355300000.0,748700000.0,557200000.0,1.0,762300000.0,-297700000.0,-0.390528663255936,2025-12-31,2026-02-11,15.9161,20.0,21.449496879378426,4.704041819289902,21.4449045011353,23.60666239590008,53.1216561737616
SNX,TD SYNNEX CORP,Technology,Electronics & Computer Distribution,N,2026-06-18,22876100000.0,26035200000.0,23.2,284.56,0.168,62508086000.0,58452436000.0,1389422000.0,1085502000.0,1.0,1828081000.0,2175062000.0,1.1898061409751537,2025-12-31,2026-01-27,22.8761,16.8,6.9383763578305,6.0736838884250375,18.73815154790985,81.93660442900565,53.08206471815672
NTAP,NETAPP INC,Technology,Computer Hardware,N,2026-06-18,31290400000.0,31707400000.0,24.5,159.71,0.403,6925000000.0,6572000000.0,1869000000.0,1338000000.0,1.0,1890000000.0,417000000.0,0.22063492063492063,2026-12-31,2026-06-05,31.2904,40.300000000000004,5.3712720632988376,5.973078004755452,16.96490101658641,19.103587231352726,53.00026211439715
LRN,STRIDE INC,Consumer Defensive,Education & Training Services,N,2026-06-18,3521100000.0,3454500000.0,11.4,82.8,0.265,2405317000.0,2040069000.0,372806000.0,217208000.0,1.0,518386000.0,-232737000.0,-0.4489646711138032,2025-12-31,2025-08-06,3.5211,26.5,17.90370815889071,10.58777086705859,9.26621352660633,-37.584775086505196,52.98998136842892
CTSH,COGNIZANT TECHNOLOGY SOLUTIONS CORP,Technology,Information Technology Services,N,2026-06-18,20708100000.0,20296100000.0,9.3,43.7,0.475,21108000000.0,19736000000.0,2665000000.0,1827000000.0,1.0,4075000000.0,-749000000.0,-0.18380368098159508,2025-12-31,2026-02-12,20.7081,47.5,6.9517632752330805,12.869360298627107,7.615797373358349,-34.876100757730896,52.79280626034616
QLYS,QUALYS INC,Technology,Software - Infrastructure,N,2026-06-18,3919700000.0,3692500000.0,19.5,111.3,0.627,669125000.0,607571000.0,304410000.0,231760000.0,1.0,261319000.0,-197984000.0,-0.7576333906068827,2025-12-31,2026-02-20,3.9197,62.7,10.131161625554874,7.766155573130597,12.130022009789428,-28.609129814550638,52.56286835764425
MWH,SOLV ENERGY INC,Utilities,Utilities - Renewable,N,2026-06-18,6924000000.0,6619600000.0,46.4,34.21,0.958,2490496000.0,1847803000.0,310234000.0,109344000.0,1.0,291099000.0,76990000.0,0.26448046884393284,2025-12-31,2026-03-25,6.924,95.8,34.78146750492341,4.48056036972848,21.33744205986449,,52.420292601873776
USLM,UNITED STATES LIME & MINERALS INC,Basic Materials,Building Materials,N,2026-06-18,3258300000.0,2878800000.0,24.9,113.6,0.615,372727000.0,317721000.0,102486000.0,99162000.0,1.0,196236000.0,-367111000.0,-1.8707627550500419,2025-12-31,2026-02-26,3.2583,61.5,17.3126736979929,3.145382561458429,28.08969029916281,1.7946448989331731,52.286881770371146
ACN,ACCENTURE PLC,Technology,Information Technology Services,N,2026-06-18,85466400000.0,83689900000.0,11.0,127.98,0.565,69672977000.0,64896464000.0,10874360000.0,8614518000.0,1.0,12786575000.0,-3295863000.0,-0.2577596424374784,2025-12-31,2025-10-10,85.4664,56.49999999999999,7.360205326441216,12.723549839469078,7.696075906995906,-41.81971350815938,52.17095946790311
OR,OR ROYALTIES INC,Basic Materials,Gold,N,2026-06-18,6524100000.0,6433800000.0,25.7,34.86,0.185,277370000.0,191157000.0,208717000.0,86476000.0,1.0,282850000.0,-137129000.0,-0.4848117376701432,2025-12-31,2026-03-30,6.5241,18.5,45.10062409433084,3.1991692340706,30.825471811112656,36.726123974265136,52.10158984796067
CVSA,COVISTA INC,Consumer Defensive,Education & Training Services,N,2026-06-18,4052100000.0,4639600000.0,17.3,119.07,0.312,1788290000.0,1584652000.0,294906000.0,246882000.0,1.0,439685000.0,572836000.0,1.3028327097808658,2025-12-31,2025-08-07,4.0521,31.2,12.850644810343216,7.277855926556601,15.732470685574386,2.53030672850052,51.92050651257555
MNST,MONSTER BEVERAGE CORP,Consumer Defensive,Beverages - Non-Alcoholic,N,2026-06-18,89331300000.0,87437800000.0,44.0,91.34,0.793,8294343000.0,7492709000.0,1944947000.0,1624831000.0,1.0,2612368000.0,-1961051000.0,-0.7506794601679396,2025-12-31,2026-02-27,89.3313,79.3,10.6988540459799,2.177229033944429,44.956392127908885,37.543803759158955,51.288608222517944
PAY,PAYMENTUS HOLDINGS INC,Technology,Software - Infrastructure,N,2026-06-18,2650400000.0,2314900000.0,35.8,21.07,1.835,1196507000.0,871745000.0,125029000.0,27058000.0,1.0,128687000.0,-317684000.0,-2.4686565076503455,2025-12-31,2026-02-24,2.6504,183.5,37.25424292654389,4.717363416842741,18.514904542146223,-27.76780371035309,51.034965139092776
SPSC,SPS COMMERCE INC,Technology,Software - Infrastructure,N,2026-06-18,1950500000.0,1802800000.0,21.5,53.13,1.231,751505000.0,637765000.0,152266000.0,137352000.0,1.0,182093000.0,-144163000.0,-0.7916998456832498,2025-12-31,2026-02-19,1.9505,123.10000000000001,17.834155213911075,7.8065111509869265,11.83980665414472,-60.92587079487943,50.82226852892587
REGN,REGENERON PHARMACEUTICALS INC,Healthcare,Biotechnology,N,2026-06-18,63945500000.0,63689100000.0,14.5,609.94,0.156,14342900000.0,14202000000.0,4080500000.0,3684700000.0,1.0,5818200000.0,-412200000.0,-0.07084665360420749,2025-12-31,2026-02-04,63.9455,15.6,0.9921137867905827,6.381215253614406,15.60816076461218,24.352738020911534,50.60704682633243
FRSH,FRESHWORKS INC,Technology,Software - Application,N,2026-06-18,2449200000.0,1929300000.0,13.6,8.86,0.167,838809000.0,720420000.0,221028000.0,146263000.0,1.0,88839000.0,-598866000.0,-6.741025900786816,2025-12-31,2026-02-26,2.4492,16.7,16.433330557174976,9.024497795198432,8.728758347358706,-40.469973890339425,50.56374930755637
GRMN,GARMIN LTD,Technology,Scientific & Technical Instruments,N,2026-06-18,45166900000.0,43044600000.0,26.0,234.2,0.344,7245519000.0,6296903000.0,1362913000.0,1238900000.0,1.0,2203294000.0,-2113811000.0,-0.9593867182500384,2025-12-31,2026-02-18,45.1669,34.4,15.064802491002327,3.017503968614184,31.582793619255227,17.01588574189139,50.503972719446324
CARG,CARGURUS INC,Consumer Cyclical,Auto & Truck Dealerships,N,2026-06-18,2707400000.0,2823300000.0,18.2,30.02,0.387,906980000.0,894384000.0,265964000.0,161545000.0,1.0,240341000.0,315000.0,0.001310637802122817,2025-12-31,2026-02-19,2.7074,38.7,1.408343619742758,9.823594592598065,10.61534643786377,-8.94804361770365,50.43591809997533
RMD,RESMED INC,Healthcare,Medical Instruments & Supplies,N,2026-06-18,27362000000.0,26544700000.0,18.0,188.63,0.505,5146327000.0,4685297000.0,1661723000.0,1301800000.0,1.0,1913377000.0,-357637000.0,-0.18691402687499642,2025-12-31,2025-08-08,27.362,50.5,9.839931171919304,6.073105036181565,15.974202679989384,-16.09289628519854,50.078217592048304
ESE,ESCO TECHNOLOGIES INC,Technology,Scientific & Technical Instruments,N,2026-06-18,8899100000.0,8997600000.0,28.9,343.5,0.502,1095388000.0,1026759000.0,189773000.0,79286000.0,1.0,428300000.0,129053000.0,0.3013144991828158,2025-12-31,2025-12-01,8.8991,50.2,6.684041727416079,2.132496544594397,47.41243485638105,62.04008967427139,49.6019304743782
EA,ELECTRONIC ARTS INC,Communication Services,Electronic Gaming & Multimedia,N,2026-06-18,50689400000.0,49310400000.0,57.1,202.15,0.4,7531000000.0,7463000000.0,2323000000.0,1858000000.0,1.0,1503000000.0,-1379000000.0,-0.9174983366600133,2026-12-31,2026-05-11,50.6894,40.0,0.9111617312072884,4.582812185585152,21.2270340077486,34.570795100906906,49.505371168833754
GIC,GLOBAL INDUSTRIAL CO,Industrials,Industrial Distribution,N,2026-06-18,1259200000.0,1296700000.0,16.8,32.91,0.262,1379100000.0,1315900000.0,74700000.0,46900000.0,1.0,105500000.0,36100000.0,0.34218009478672984,2025-12-31,2026-02-27,1.2592,26.200000000000003,4.80279656508853,5.9323379923761115,17.35876840696118,12.269698157585252,49.49406843846733
VIK,VIKING HOLDINGS LTD,Industrials,Travel Services,N,2026-06-18,43353100000.0,45135200000.0,36.2,97.17,0.186,6501419000.0,5333882000.0,1533456000.0,1164585000.0,1.0,1814588000.0,1936952000.0,1.0674334890344255,2025-12-31,2026-03-03,43.3531,18.6,21.889066912241397,3.5371311394110228,29.43364530837533,72.67954640907183,49.392054673510074
CTS,CTS CORP,Technology,Electronic Components,N,2026-06-18,1915700000.0,1919800000.0,27.7,67.0,0.276,541318000.0,515771000.0,86374000.0,80645000.0,1.0,122618000.0,499000.0,0.004069549332071963,2025-12-31,2026-02-24,1.9157,27.6,4.953167200172159,4.508743540220285,22.22659596637877,38.09039876113045,49.20512259298527
WPM,WHEATON PRECIOUS METALS CORP,Basic Materials,Gold,N,2026-06-18,55652200000.0,53495400000.0,30.9,122.57,0.24,2314600000.0,1284639000.0,665342000.0,385616000.0,1.0,2008995000.0,-1145688000.0,-0.570279169435464,2025-12-31,2026-03-31,55.6522,24.0,80.17513091226407,1.1955358458425722,80.40286048378127,36.71056404826507,49.19984946851508
NPKI,NPK INTERNATIONAL INC,Energy,Oil & Gas Equipment & Services,N,2026-06-18,1342700000.0,1355800000.0,34.1,15.9,0.174,277043000.0,217489000.0,30331000.0,-365000.0,1.0,76194000.0,21599000.0,0.2834737643383993,2025-12-31,2026-02-27,1.3427,17.4,27.382534289090476,2.2589558352573174,44.70014176914708,77.7906976744186,48.97389469797351
DLB,DOLBY LABORATORIES INC,Industrials,Specialty Business Services,N,2026-06-18,4950300000.0,4326200000.0,20.3,52.33,0.25,1349130000.0,1273721000.0,430257000.0,297245000.0,1.0,385232000.0,-754483000.0,-1.9585159072974208,2025-12-31,2025-11-18,4.9503,25.0,5.9203703165763955,8.691533846433549,10.054920663696349,-26.35573340692701,48.93840276659523
MELI,MERCADOLIBRE INC,Consumer Cyclical,Internet Retail,N,2026-06-18,82897500000.0,80101500000.0,43.2,1635.15,0.241,28893000000.0,20777000000.0,10773000000.0,7058000000.0,1.0,3820000000.0,-2145000000.0,-0.5615183246073299,2025-12-31,2026-02-25,82.8975,24.099999999999998,39.06242479665014,12.995566814439519,7.435394040657198,-33.25493412792741,48.859004523362465
ITT,ITT INC,Industrials,Specialty Industrial Machinery,N,2026-06-18,17594800000.0,20846300000.0,38.5,196.81,0.343,3938500000.0,3630700000.0,547500000.0,440300000.0,1.0,839400000.0,-960100000.0,-1.1437931856087682,2025-12-31,2026-02-09,17.5948,34.300000000000004,8.477704024017395,3.11171482483461,38.07543378995434,28.290447608537672,48.71867302846589
AOS,SMITH A O CORP,Industrials,Specialty Industrial Machinery,N,2026-06-18,8024400000.0,8495700000.000001,15.2,58.22,0.536,3830200000.0,3818100000.0,546000000.0,473800000.0,1.0,813700000.0,17600000.0,0.021629593216173037,2025-12-31,2026-02-10,8.0244,53.6,0.31691155286661665,6.8042470465081495,15.559890109890112,-9.642932123189219,48.669035806713
ADSK,AUTODESK INC,Technology,Software - Application,N,2026-06-18,40896000000.0,40949000000.0,28.0,193.82,0.744,7206000000.0,6131000000.0,2409000000.0,1567000000.0,1.0,1798000000.0,485000000.0,0.26974416017797553,2025-12-31,2026-03-03,40.896,74.4,17.533844397325062,5.890551643192488,16.998339559983396,-17.749705238335867,48.423272902217924
G,GENPACT LTD,Technology,Information Technology Services,N,2026-06-18,4788600000.0,5951400000.0,8.4,28.25,0.257,5079879000.0,4767139000.0,724386000.0,532824000.0,1.0,874703000.0,891353000.0,1.0190350324624473,2025-12-31,2026-02-26,4.7886,25.7,6.560328952019234,15.12730234306478,8.21578550662216,-25.432198171742527,48.403770185334544
WTS,WATTS WATER TECHNOLOGIES INC,Industrials,Specialty Industrial Machinery,N,2026-06-18,11482800000.0,11305900000.0,31.3,343.89,0.474,2438500000.0,2252200000.0,356300000.0,331700000.0,1.0,515000000.0,-207800000.0,-0.403495145631068,2025-12-31,2026-02-23,11.4828,47.4,8.271911908356277,3.1029017312850526,31.731406118439516,23.761853701035406,48.38184183140106
RDDT,REDDIT INC,Communication Services,Internet Content & Information,N,2026-06-18,33681400000.0,32328300000.0,47.6,174.96,0.306,2202506000.0,1300205000.0,684169000.0,215820000.0,1.0,550835000.0,-930355000.0,-1.6889903510125537,2025-12-31,2026-02-06,33.6814,30.599999999999998,69.39682588514889,2.031296205027107,47.25192167432316,15.715940079943213,48.267788502448504
LNN,LINDSAY CORP,Industrials,Farm & Heavy Construction Machinery,N,2026-06-18,1238100000.0,1186500000.0,21.0,119.1,0.195,676368000.0,607074000.0,90414000.0,66782000.0,1.0,117312000.0,-118178000.0,-1.0073820240043645,2025-12-31,2025-10-23,1.2381,19.5,11.414423941727048,7.302641143687909,13.122967681996151,-18.580782427593224,48.16566611795338
ALV,AUTOLIV INC,Consumer Cyclical,Auto Parts,N,2026-06-18,8851800000.0,10761800000.0,12.5,118.24,0.221,10815000000.0,10390000000.0,734000000.0,497000000.0,1.0,1495000000.0,1714000000.0,1.1464882943143813,2025-12-31,2026-02-19,8.8518,22.1,4.090471607314727,8.292098782168598,14.661852861035422,7.337500701839761,47.95382143462405
DOCU,DOCUSIGN INC,Technology,Software - Application,N,2026-06-18,8300400000.0,7935700000.0,26.3,43.47,0.289,3219500000.0,2976739000.0,1058562000.0,920284000.0,1.0,484858000.0,-417323000.0,-0.8607117960310029,2025-12-31,2026-03-18,8.3004,28.9,8.15526655175345,12.753144426774613,7.496679457603806,-33.9393129260794,47.8838642775097
GLBE,GLOBAL-E ONLINE LTD,Consumer Cyclical,Internet Retail,N,2026-06-18,5525700000.0,5374400000.0,47.4,32.84,0.245,962195000.0,752764000.0,280683000.0,167058000.0,1.0,92653000.0,-222358000.0,-2.3999007047802015,2025-12-31,2026-03-26,5.5257,24.5,27.821601458093113,5.079591725935176,19.147579297641823,-8.119383825417204,47.69432807010863
ODC,OIL-DRI CORP OF AMERICA,Basic Materials,Specialty Chemicals,N,2026-06-18,1377800000.0,1369200000.0,24.8,95.1,0.233,485572000.0,437587000.0,47772000.0,28495000.0,1.0,90687000.0,4726000.0,0.05211331282322714,2025-12-31,2025-10-09,1.3778,23.3,10.965819368491303,3.4672666569894033,28.661140416980658,29.18852745715286,47.62700523315388
BELFA,BEL FUSE INC,Technology,Electronic Components,N,2026-06-18,3381300000.0,3548000000.0,47.8,265.77,0.164,675455000.0,534792000.0,76414000.0,60839000.0,1.0,123818000.0,163596000.0,1.3212618520732042,2025-12-31,2026-02-24,3.3813,16.400000000000002,26.302375502999297,2.259900038446751,46.43128222577015,181.6699741264538,47.448372326504234
TGS,GAS TRANSPORTER OF THE SOUTH INC,Energy,Oil & Gas Integrated,N,2026-06-18,4757400000.0,5407500000.0,15.7,31.6,0.219,1720626082000.0,1219766287000.0,231203853000.0,194355797000.0,1386.8,1232266845000.0,901499589000.0,0.7315782232216107,2025-12-31,2026-04-22,4.7574,21.9,41.061947713923,3.504383009753821,32.43510392536581,12.405987042966714,47.228306039957666
RYAAY,RYANAIR HOLDINGS PLC,Industrials,Airlines,N,2026-06-18,32575600000.0,31110700000.0,18.0,61.24,0.216,13948500000.0,13443800000.0,1863200000.0,766000000.0,0.89,3065300000.0,-1303800000.0,-0.4253417283789515,2025-12-31,2025-05-19,32.5756,21.6,3.754146892991561,6.4265374883882895,14.860735830828682,0.7684149813012686,46.93292159277558
ROST,ROSS STORES INC,Consumer Cyclical,Apparel Retail,N,2026-06-18,74677800000.0,75270000000.0,32.2,232.8,0.239,22750559000.0,21129219000.0,2207608000.0,1719526000.0,1.0,3216748000.0,617946000.0,0.19210270745485813,2025-12-31,2026-03-31,74.6778,23.9,7.673449738014448,2.956177070026166,34.09572713996325,65.987394629424,46.92431854808925
CGNX,COGNEX CORP,Technology,Scientific & Technical Instruments,N,2026-06-18,11000300000.0,10837000000.0,77.2,66.1,0.153,994359000.0,914515000.0,243475000.0,134038000.0,1.0,213595000.0,-186339000.0,-0.8723940167138744,2025-12-31,2026-02-12,11.0003,15.299999999999999,8.730747992105115,2.213348726852904,44.50970325495431,103.99434191027885,46.862195604780254
GGG,GRACO INC,Industrials,Specialty Industrial Machinery,N,2026-06-18,12618600000.0,11951200000.0,24.4,76.03,0.467,2236604000.0,2113316000.0,649104000.0,514963000.0,1.0,751526000.0,-581256000.0,-0.773434318972331,2025-12-31,2026-02-17,12.6186,46.7,5.833864883434381,5.144025486187057,18.411841553895833,-8.70081698950279,46.60121494531148
SN,SHARKNINJA INC,Consumer Cyclical,Furnishings Fixtures & Appliances,N,2026-06-18,19931700000.0,20280800000.0,28.3,140.84,0.382,6399188000.0,5528639000.0,474353000.0,295439000.0,1.0,1108940000.0,99831000.0,0.09002380651793605,2025-12-31,2026-03-02,19.9317,38.2,15.746171887873306,2.379892332314855,42.75465739649586,19.022056249270626,46.56536737437199
ONC,BEONE MEDICINES LTD,Healthcare,Biotechnology,N,2026-06-18,30024700000.0,27286300000.0,58.5,270.15,0.167,5343033000.0,3810241000.0,941741000.0,-633294000.0,1.0,616774000.0,-2547730000.0,-4.130735082866658,2025-12-31,2026-02-26,30.0247,16.7,40.22821653538451,3.1365542370115276,28.97431459392763,16.891652564052094,46.515631387905024
DOCS,DOXIMITY INC,Healthcare,Health Information Services,N,2026-06-18,3741600000.0,3532600000.0,19.1,20.46,0.319,644863000.0,570399000.0,317557000.0,266740000.0,1.0,266135000.0,-208993000.0,-0.7852894207826855,2026-12-31,2026-05-19,3.7416,31.900000000000002,13.054721344181885,8.487197990164635,11.124302093797334,-67.08254999145444,46.4121189990704
GIB,CGI INC,Technology,Information Technology Services,N,2026-06-18,13218300000.0,15823000000.0,10.9,61.28,0.425,15912673000.0,14676152000.0,1965596000.0,1947075000.0,1.38,2940148000.0,3467110000.0,1.17922975306005,2025-12-31,2025-12-17,13.2183,42.5,8.425376079506396,10.775553040377597,11.108966440713147,-39.64584266308404,46.40848247631894
TEL,TE CONNECTIVITY PLC,Technology,Electronic Components,N,2026-06-18,63528200000.0,68073200000.0,21.9,217.64,0.226,17262000000.0,15845000000.0,3214000000.0,2813000000.0,1.0,4118000000.0,4439000000.0,1.0779504613890238,2025-12-31,2025-11-10,63.5282,22.6,8.942884190596413,5.0591705730683385,21.180211574362165,20.972766742847938,46.395377333731126
PCTY,PAYLOCITY HOLDING CORP,Technology,Software - Application,N,2026-06-18,5411200000.0,5236700000.0,21.0,101.06,0.376,1595221000.0,1402515000.0,342751000.0,305916000.0,1.0,408699000.0,-188798000.0,-0.46194876914306127,2025-12-31,2025-08-06,5.4112,37.6,13.740031300913014,6.334103341218214,15.278438283185169,-36.023054755043226,46.13127726174127
ULTA,ULTA BEAUTY INC,Consumer Cyclical,Specialty Retail,N,2026-06-18,19608700000.0,21744800000.0,16.5,456.13,0.251,12392820000.0,11295654000.0,1067951000.0,964147000.0,1.0,2181188000.0,1757818000.0,0.8058993539300602,2025-12-31,2026-03-26,19.6087,25.1,9.713169330434512,5.446312096161398,20.36123380192537,2.0794912559618517,46.038470190660604
INTU,INTUIT INC,Technology,Software - Application,N,2026-06-18,73034400000.0,75170400000.0,15.9,267.0,0.525,18831000000.0,16285000000.0,6083000000.0,4634000000.0,1.0,5965000000.0,3686000000.0,0.6179379715004191,2025-12-31,2025-09-03,73.0344,52.5,15.63401903592263,8.328951836394904,12.357455203024823,-47.30194557351373,45.98933345170008
DV,DOUBLEVERIFY HOLDINGS INC,Technology,Software - Application,N,2026-06-18,1585300000.0,1507000000.0,29.0,10.33,0.186,748291000.0,656849000.0,172654000.0,132515000.0,1.0,148949000.0,-159487000.0,-1.0707490483319795,2025-12-31,2026-02-26,1.5853,18.6,13.921312204174786,10.8909354696272,8.728439538035609,-34.03068340306833,45.90439026198004
CHKP,CHECK POINT SOFTWARE TECHNOLOGIES LTD,Technology,Software - Infrastructure,N,2026-06-18,12917600000.0,13818600000.0,12.2,122.33,0.463,2725400000.0,2565000000.0,1172800000.0,1028200000.0,1.0,1038000000.0,172100000.0,0.16579961464354528,2025-12-31,2026-03-31,12.9176,46.300000000000004,6.253411306042889,9.079085898309284,11.782571623465211,-42.53523696574374,45.63781798992853
PAYC,PAYCOM SOFTWARE INC,Technology,Software - Application,N,2026-06-18,5946800000.0,6556500000.0,12.7,124.85,0.365,2051700000.0,1883200000.0,408100000.0,341000000.0,1.0,799100000.0,-279700000.0,-0.3500187711175072,2025-12-31,2026-02-19,5.9468,36.5,8.947536108751052,6.862514293401493,16.065915216858613,-41.20813721846118,45.494945878165446
GD,GENERAL DYNAMICS CORP,Industrials,Aerospace & Defense,N,2026-06-18,94653300000.0,99013300000.0,21.8,350.01,0.232,52550000000.0,47716000000.0,3959000000.0,3196000000.0,1.0,6097000000.0,5680000000.0,0.9316057077251108,2025-12-31,2026-01-30,94.6533,23.200000000000003,10.130773744655874,4.182632829494587,25.00967416014145,23.160147296842236,45.30222911916394
DGII,DIGI INTERNATIONAL INC,Technology,Communication Equipment,N,2026-06-18,2603700000.0,2725800000.0,60.2,69.06,0.311,430221000.0,424046000.0,105329000.0,80866000.0,1.0,90481000.0,149282000.0,1.6498712436865197,2025-12-31,2025-11-21,2.6037,31.1,1.456209939487696,4.045358528248262,25.87891274008108,85.20192887281497,44.92549595707792
LDOS,LEIDOS HOLDINGS INC,Technology,Information Technology Services,N,2026-06-18,13474100000.0,19961100000.0,9.5,107.12,0.254,17174000000.0,16662000000.0,1625000000.0,1245000000.0,1.0,2388000000.0,4127000000.0,1.7282244556113904,2025-12-31,2026-02-17,13.4741,25.4,3.0728604009122584,12.060174705546196,12.283753846153846,-15.086206896551712,44.46993179170507
COR,CENCORA INC,Healthcare,Medical Distribution,N,2026-06-18,52887500000.0,63096500000.0,20.8,271.83,0.409,321332819000.0,293958599000.0,3207139000.0,2997512000.0,1.0,3037549000.0,3304635000.0,1.0879281288960276,2025-12-31,2025-11-25,52.8875,40.9,9.312270535076262,6.0640775230441974,19.673765309205493,-8.533589000800667,44.43625048833744
KEYS,KEYSIGHT TECHNOLOGIES INC,Technology,Scientific & Technical Instruments,N,2026-06-18,62149500000.0,62496500000.0,59.0,363.67,0.207,5375000000.0,4979000000.0,1281000000.0,898000000.0,1.0,1435000000.0,905000000.0,0.6306620209059234,2025-12-31,2025-12-17,62.1495,20.7,7.953404298051825,2.0611589795573577,48.78727556596409,114.41211290423081,44.266513075485754
ZWS,ZURN ELKAY WATER SOLUTIONS CORP,Industrials,Pollution & Treatment Controls,N,2026-06-18,8340299999.999999,8603900000.0,39.1,49.98,0.276,1695900000.0,1566500000.0,316600000.0,273300000.0,1.0,379200000.0,238000000.0,0.6276371308016878,2025-12-31,2026-02-09,8.3403,27.6,8.260453239706344,3.796026521827752,27.17593177511055,31.85134518923849,44.26298828540686
TME,TENCENT MUSIC ENTERTAINMENT GROUP,Communication Services,Internet Content & Information,N,2026-06-18,20212900000.0,18214500000.0,15.5,8.73,0.233,32902000000.0,28401000000.0,10507000000.0,10398000000.0,6.82,13109000000.0,-4672000000.0,-0.3563963689068579,2025-12-31,2026-04-17,20.2129,23.3,15.84803351994648,7.6219435893767145,11.822869515561054,-48.50414107837061,44.03524546223547
CLBT,CELLEBRITE DI LTD,Technology,Software - Infrastructure,N,2026-06-18,3162200000.0,3051300000.0,44.0,12.83,0.249,475675000.0,401203000.0,160319000.0,121562000.0,1.0,78347000.0,-101787000.0,-1.2991818448696184,2025-12-31,2026-03-03,3.1622,24.9,18.562174260910314,5.06985642906837,19.032678597047138,-15.76971214017522,43.86686413911004
ATMU,ATMUS FILTRATION TECHNOLOGIES INC,Industrials,Pollution & Treatment Controls,N,2026-06-18,4229800000.0,5018300000.0,20.0,51.79,0.247,1764300000.0,1669600000.0,148800000.0,56800000.0,1.0,329600000.0,333600000.0,1.0121359223300972,2025-12-31,2026-02-13,4.2298,24.7,5.672017249640637,3.517896827273157,33.72513440860215,37.61005214120863,43.85896236409646
FIZZ,NATIONAL BEVERAGE CORP,Consumer Defensive,Beverages - Non-Alcoholic,N,2026-06-18,3397900000.0,3146600000.0,18.1,36.29,0.675,1201354000.0,1191694000.0,170421000.0,167659000.0,1.0,279919000.0,-121711000.0,-0.4348079265787603,2025-12-31,2025-07-02,3.3979,67.5,0.8106107775989413,5.015480149504105,18.463686986932363,-20.613132006405856,43.56853652200332
CPRT,COPART INC,Industrials,Specialty Business Services,N,2026-06-18,27987300000.0,24726300000.0,18.0,30.23,0.327,4646958000.0,4236823000.0,1262591000.0,965740000.0,1.0,1938542000.0,-2676792000.0,-1.3808274466067798,2025-12-31,2025-09-26,27.9873,32.7,9.680248620251541,4.511299768109107,19.58377653571109,-31.000000000000007,43.50135289989711
DT,DYNATRACE INC,Technology,Software - Application,N,2026-06-18,12072900000.0,11140000000.0,74.2,41.42,0.662,2018387000.0,1698683000.0,529483000.0,430617000.0,1.0,323820000.0,-932896000.0,-2.880909147057007,2026-12-31,2026-05-20,12.0729,66.2,18.820698152627656,4.385715114015689,21.039391255243324,-28.515205724508043,43.494392518264625
AIT,APPLIED INDUSTRIAL TECHNOLOGIES INC,Industrials,Industrial Distribution,N,2026-06-18,12490800000.0,12684500000.0,30.9,337.96,0.29,4563424000.0,4479406000.0,467039000.0,347105000.0,1.0,579661000.0,183883000.0,0.31722506775511894,2025-12-31,2025-08-15,12.4908,28.999999999999996,1.87565047687126,3.7390639510679864,27.159402105605743,35.360339205925364,43.43180711982534
EXLS,EXLSERVICE HOLDINGS INC,Technology,Information Technology Services,N,2026-06-18,3961700000.0,4315500000.0,15.7,25.93,0.282,2087679000.0,1838372000.0,298470000.0,222478000.0,1.0,416245000.0,237653000.0,0.5709449963362924,2025-12-31,2026-02-24,3.9617,28.199999999999996,13.561292273816171,7.533886967715879,14.458739571816263,-39.721181856013324,43.2046840784794
SE,SEA LTD,Consumer Cyclical,Internet Retail,N,2026-06-18,55825400000.0,53154400000.0,34.8,91.28,0.191,22938469000.0,16819866000.0,4502829000.0,2962065000.0,1.0,2635011000.0,-3045208000.0,-1.1556718359050493,2025-12-31,2026-04-17,55.8254,19.1,36.37723986623913,8.065914440380185,11.80466768780249,-44.50308386850639,43.03575476117792
TTD,TRADE DESK INC,Technology,Software - Application,N,2026-06-18,8701700000.0,8246900000.0,20.1,18.51,0.235,2896284000.0,2444831000.0,782958000.0,632394000.0,1.0,775504000.0,-221845000.0,-0.2860655779983082,2025-12-31,2026-02-27,8.7017,23.5,18.465611733489972,8.997759058574761,10.533004324625331,-68.7255206254896,43.0315209392063
JKHY,JACK HENRY & ASSOCIATES INC,Technology,Information Technology Services,N,2026-06-18,8968700000.0,9038100000.0,17.3,126.23,0.585,2375288000.0,2215543000.0,415704000.0,343652000.0,1.0,801225000.0,-101953000.0,-0.1272464039439608,2025-12-31,2025-08-25,8.9687,58.5,7.210196326589013,4.635053017717173,21.74167195889383,-21.260033096554142,43.0268514742348
OMAB,CENTRAL NORTH AIRPORT GROUP,Industrials,Airports & Air Services,N,2026-06-18,5502900000.0,6106400000.0,17.9,114.0,0.258,15964414000.0,15072956000.0,4743603000.0,3470122000.0,17.38,9961371000.0,10488888000.0,1.0529562647551225,2025-12-31,2026-04-30,5.5029,25.8,5.9142878145467925,4.959831724672173,22.37312692482908,9.717057045301303,43.026500277591005
INTA,INTAPP INC,Technology,Software - Application,N,2026-06-18,1698400000.0,1565300000.0,-46.8,22.04,0.156,504120000.0,430523000.0,114486000.0,58376000.0,1.0,6573000.0,-297195000.0,-45.21451392058421,2025-12-31,2025-08-20,1.6984,15.6,17.094789360847162,6.740814884597269,13.67241409429974,-62.030005556584555,42.992354261555015
SSD,SIMPSON MANUFACTURING CO INC,Basic Materials,Lumber & Wood Production,N,2026-06-18,8233400000.0,8352299999.999999,23.2,200.14,0.25,2332808000.0,2232139000.0,326047000.0,159688000.0,1.0,573316000.0,83190000.0,0.14510322405095968,2025-12-31,2026-02-27,8.2334,25.0,4.509978993243702,3.960052955036801,25.616858919112886,17.98743305583539,42.771906554156146
VRSN,VERISIGN INC,Technology,Software - Infrastructure,N,2026-06-18,24082200000.0,25394300000.0,28.6,264.64,0.776,1656600000.0,1557400000.0,1068300000.0,874500000.0,1.0,1176700000.0,1480300000.0,1.2580096881108185,2025-12-31,2026-02-05,24.0822,77.60000000000001,6.369590342879161,4.4360565064653565,23.77075727791819,7.898330344377613,42.66725246955451
RVLV,REVOLVE GROUP INC,Consumer Cyclical,Internet Retail,N,2026-06-18,1559200000.0,1256800000.0,24.3,21.79,0.354,1225682000.0,1129911000.0,46184000.0,18005000.0,1.0,89259000.0,-270744000.0,-3.033240345511377,2025-12-31,2026-02-25,1.5592,35.4,8.47597731148737,2.962031811185223,27.212887580114327,-10.380116959064322,42.66365502592121
IBP,INSTALLED BUILDING PRODUCTS INC,Consumer Cyclical,Residential Construction,N,2026-06-18,5879800000.0,6586100000.0,23.1,218.25,0.236,2970800000.0,2941300000.0,303500000.0,254300000.0,1.0,533600000.0,669800000.0,1.2552473763118441,2025-12-31,2026-02-26,5.8798,23.599999999999998,1.0029578757692281,5.161740195244737,21.7004942339374,27.023780628216866,42.571244271320836
MZTI,MARZETTI CO,Consumer Defensive,Packaged Foods,N,2026-06-18,2935800000.0,2754600000.0,16.7,107.06,0.287,1909122000.0,1871759000.0,203496000.0,190946000.0,1.0,275631000.0,-118756000.0,-0.43085139189713784,2025-12-31,2025-08-21,2.9358,28.7,1.9961437343162247,6.931534845697936,13.53638400754806,-30.92828941327702,42.35231835075857
CW,CURTISS WRIGHT CORP,Industrials,Aerospace & Defense,N,2026-06-18,28516000000.0,29320900000.0,55.8,771.93,0.256,3498372000.0,3121189000.0,554978000.0,486507000.0,1.0,787975000.0,765005000.0,0.9708493289761732,2025-12-31,2026-02-12,28.516,25.6,12.084593403347244,1.9461986253331465,52.83254471348414,49.71373457937571,42.019665382501486
AWI,ARMSTRONG WORLD INDUSTRIES INC,Basic Materials,Building Products & Equipment,N,2026-06-18,6738100000.0,7227300000.0,22.0,157.88,0.302,1620800000.0,1445700000.0,247100000.0,208300000.0,1.0,553700000.0,381200000.0,0.6884594545782915,2025-12-31,2026-02-24,6.7381,30.2,12.111779760669572,3.6672058889004324,29.24848239579118,2.351341758249137,41.87640482987042
YUMC,YUM CHINA HOLDINGS INC,Consumer Cyclical,Restaurants,N,2026-06-18,14988900000.0,16387900000.000002,15.8,42.93,0.164,11797000000.0,11303000000.0,840000000.0,714000000.0,1.0,2147000000.0,1398000000.0,0.6511411271541686,2025-12-31,2026-02-27,14.9889,16.400000000000002,4.370521100592772,5.604147068830935,19.509404761904765,7.290227283556483,41.2347989817333
TOST,TOAST INC,Technology,Software - Infrastructure,N,2026-06-18,14302800000.0,13221800000.0,34.7,24.66,0.558,6153000000.0,4960000000.0,608000000.0,306000000.0,1.0,410000000.0,-1333000000.0,-3.2512195121951217,2025-12-31,2026-02-18,14.3028,55.800000000000004,24.052419354838705,4.250915904578124,21.746381578947368,-45.313235986811115,41.20024532029302
LECO,LINCOLN ELECTRIC HOLDINGS INC,Industrials,Tools & Accessories,N,2026-06-18,15079100000.0,16093800000.0,28.0,275.23,0.263,4233003000.0,4008670000.0,541377000.0,490172000.0,1.0,825557000.0,985219000.0,1.1933991232585999,2025-12-31,2026-02-25,15.0791,26.3,5.596195246802549,3.59024742856006,29.727528136585043,28.44166687751435,41.07567081241208
WST,WEST PHARMACEUTICAL SERVICES INC,Healthcare,Medical Instruments & Supplies,N,2026-06-18,23168900000.0,22963700000.0,42.7,327.95,0.206,3074100000.0,2893200000.0,468900000.0,276400000.0,1.0,787200000.0,-470200000.0,-0.5973069105691057,2025-12-31,2026-02-17,23.1689,20.599999999999998,6.252592285358771,2.023833673588302,48.97355512902538,39.84273271463212,41.014824079091376
APPF,APPFOLIO INC,Technology,Software - Application,N,2026-06-18,5356800000.0,5241400000.0,35.3,151.5,0.478,950822000.0,794202000.0,235510000.0,180973000.0,1.0,185984000.0,-73680000.0,-0.39616311080523053,2025-12-31,2026-02-05,5.3568,47.8,19.72042377128236,4.396468040621267,22.255530550719715,-27.558698214123833,40.932916010162224
EW,EDWARDS LIFESCIENCES CORP,Healthcare,Medical Devices,N,2026-06-18,50301900000.0,48559300000.0,45.9,87.36,0.199,6067600000.0,5439500000.0,1335000000.0,289900000.0,1.0,1493300000.0,-2232600000.0,-1.4950780151342664,2025-12-31,2026-02-25,50.3019,19.900000000000002,11.547017189079888,2.6539752971557733,36.37400749063671,12.133205950593705,40.9277614940628
VEEV,VEEVA SYSTEMS INC,Healthcare,Health Information Services,N,2026-06-18,24902600000.0,23109100000.0,26.4,153.3,0.251,3195311000.0,2746619000.0,1386094000.0,1069532000.0,1.0,1244979000.0,-1325374000.0,-1.0645753864121403,2025-12-31,2026-03-20,24.9026,25.1,16.33615729010831,5.5660613751174575,16.672101603498753,-42.066054134591504,40.710234535833614
ALLE,ALLEGION PLC,Industrials,Security & Protection Services,N,2026-06-18,11478500000.0,13200300000.0,18.1,133.57,0.256,4067300000.0,3772200000.0,685700000.0,582900000.0,1.0,1002600000.0,1623900000.0,1.6196888090963495,2025-12-31,2026-02-17,11.4785,25.6,7.823021048724876,5.973777061462735,19.25083855913665,-6.481529724378676,40.48839901978299
JBL,JABIL INC,Technology,Electronic Components,N,2026-06-18,39234300000.0,41793300000.0,48.5,371.88,0.191,29802000000.0,28883000000.0,1318000000.0,1055000000.0,1.0,1713000000.0,1433000000.0,0.8365440747227088,2025-12-31,2025-10-17,39.2343,19.1,3.181802444344428,3.359305505641747,31.709635811836115,69.29171900666731,40.46888144850518
DOV,DOVER CORP,Industrials,Specialty Industrial Machinery,N,2026-06-18,30106300000.0,31754500000.0,27.3,223.57,0.275,8092571000.0,7745909000.0,1117742000.0,920300000.0,1.0,1860128000.0,1651164000.0,0.8876614942627604,2025-12-31,2026-02-13,30.1063,27.500000000000004,4.475420509071304,3.712651504834536,28.409507739710953,18.82041010749107,40.23707557220191
ULS,UL SOLUTIONS INC,Industrials,Specialty Business Services,N,2026-06-18,18410800000.0,18691800000.0,52.6,91.34,0.271,3053000000.0,2870000000.0,403000000.0,287000000.0,1.0,679000000.0,388000000.0,0.5714285714285714,2025-12-31,2026-02-19,18.4108,27.1,6.376306620209049,2.18893258304908,46.381637717121585,42.28669963375182,40.147685197390324
VLTO,VERALTO CORP,Industrials,Pollution & Treatment Controls,N,2026-06-18,20635300000.0,21866300000.0,21.3,84.02,0.388,5503000000.0,5193000000.0,1014000000.0,820000000.0,1.0,1347000000.0,642000000.0,0.4766146993318486,2025-12-31,2026-02-20,20.6353,38.800000000000004,5.969574427113411,4.913909659660872,21.56439842209073,-10.82349301294282,40.00396693148978
TYL,TYLER TECHNOLOGIES INC,Technology,Software - Application,N,2026-06-18,11760900000.0,11492800000.0,37.2,278.91,2.775,2332340000.0,2137803000.0,620750000.0,574697000.0,1.0,543177000.0,-372792000.0,-0.68631771963835,2025-12-31,2026-02-18,11.7609,277.5,9.099856254294703,5.278082459675705,18.51437776882803,-44.408846630839186,39.95351287266936
FSS,FEDERAL SIGNAL CORP,Industrials,Pollution & Treatment Controls,N,2026-06-18,7230000000.0,7741400000.0,26.7,118.52,0.27,2180500000.0,1861500000.0,227100000.0,190700000.0,1.0,419100000.0,530900000.0,1.2667621092817942,2025-12-31,2026-02-25,7.23,27.0,17.136717700778938,3.141078838174274,34.08806693086746,8.563615286296011,39.808520231674486
ARLO,ARLO TECHNOLOGIES INC,Basic Materials,Building Products & Equipment,N,2026-06-18,1418400000.0,1272000000.0,46.3,13.06,0.408,529297000.0,510886000.0,66896000.0,48618000.0,1.0,19598000.0,-139697000.0,-7.128125318910093,2025-12-31,2026-02-27,1.4184,40.8,3.6037393860861355,4.716300056401579,19.014589811049987,-26.041666666666675,39.447763759385786
ADP,AUTOMATIC DATA PROCESSING INC,Industrials,Staffing & Employment Services,N,2026-06-18,87306000000.0,88373100000.0,20.1,218.41,0.564,20560900000.0,19202600000.0,4403500000.0,3622500000.0,1.0,6348400000.0,5756000000.0,0.9066851490139247,2025-12-31,2025-08-06,87.306,56.39999999999999,7.073521293991436,5.043754152062859,20.06883161121835,-26.91281153649583,39.101957312485744
AUGO,AURA MINERALS INC,Basic Materials,Gold,N,2026-06-18,5324000000.0,5461900000.0,59.8,63.54,0.398,921733000.0,594163000.0,125750000.0,41659000.0,1.0,467958000.0,122037000.0,0.2607862244047543,2025-12-31,2026-04-29,5.324,39.800000000000004,55.13133601385478,2.361945905334335,43.43459244532803,,39.06519209870281
CHWY,CHEWY INC,Consumer Cyclical,Internet Retail,N,2026-06-18,7455600000.0,7454500000.0,29.2,18.21,0.342,12601500000.0,11861335000.0,562400000.0,452494000.0,1.0,429900000.0,-341400000.0,-0.7941381716678297,2025-12-31,2026-03-25,7.4556,34.2,6.2401491906265205,7.543323139653414,13.254800853485063,-52.63791857383763,39.05606079010477
CR,CRANE CO,Industrials,Specialty Industrial Machinery,N,2026-06-18,12409500000.0,13252300000.0,38.0,214.9,0.398,2305000000.0,2131200000.0,341300000.0,236200000.0,1.0,529200000.0,-581600000.0,-1.0990173847316704,2025-12-31,2026-02-26,12.4095,39.800000000000004,8.15503003003002,2.7503122607679598,38.82888953999414,-6.1068702290076216,39.017152708802264
MANH,MANHATTAN ASSOCIATES INC,Technology,Software - Application,N,2026-06-18,7826300000.0,7655900000.0,36.1,132.28,3.638,1081392000.0,1042352000.0,374013000.0,286328000.0,1.0,292211000.0,-272567000.0,-0.9327746046521178,2025-12-31,2026-02-04,7.8263,363.8,3.7453758423258154,4.778924907044197,20.469609345129715,-29.307482694897747,38.89341071705473
FLS,FLOWSERVE CORP,Industrials,Specialty Industrial Machinery,N,2026-06-18,10441800000.0,11539800000.0,29.5,81.7,0.157,4729260000.0,4557806000.0,446508000.0,346533000.0,1.0,675037000.0,1000090000.0,1.4815336048246244,2025-12-31,2026-02-17,10.4418,15.7,3.761766077801476,4.276159282882261,25.844553736999114,40.66630256690333,38.50075574705614
CSL,CARLISLE COMPANIES INC,Basic Materials,Building Products & Equipment,N,2026-06-18,14606300000.0,16718700000.0,20.1,360.96,0.257,5019900000.0,5003600000.0,970600000.0,917000000.0,1.0,1222000000.0,1769500000.0,1.4480360065466449,2025-12-31,2026-02-13,14.6063,25.7,0.3257654488768136,6.645077808890684,17.225118483412324,-7.385657531402767,38.35255146434732
TTAM,TITAN AMERICA SA,Basic Materials,Building Materials,N,2026-06-18,3386700000.0,3613700000.0,18.3,18.37,0.174,1664188000.0,1634393000.0,134869000.0,112616000.0,1.0,376119000.0,250663000.0,0.6664459918270548,2025-12-31,2026-03-24,3.3867,17.4,1.8230009550946447,3.982313166208994,26.79414839585079,18.79374066210584,38.336455980628166
IDXX,IDEXX LABORATORIES INC,Healthcare,Diagnostics & Research,N,2026-06-18,44339300000.0,45217400000.0,40.5,562.09,0.545,4303702000.0,3897504000.0,1043579000.0,798079000.0,1.0,1508224000.0,768918000.0,0.5098168441822966,2025-12-31,2026-02-20,44.3393,54.50000000000001,10.422003415519265,2.353620828474965,43.3291585974804,4.975124378109452,38.30920263039052
SPOT,SPOTIFY TECHNOLOGY SA,Communication Services,Internet Content & Information,N,2026-06-18,96246600000.0,90551300000.0,30.2,468.08,0.693,17186000000.0,15673000000.0,2872000000.0,2284000000.0,0.84,2592000000.0,-3367000000.0,-1.2989969135802468,2025-12-31,2026-02-10,96.2466,69.3,9.65354431187393,3.5523827533103707,26.4843635097493,-38.776896628216505,37.984053924893125
RBC,RBC BEARINGS INC,Industrials,Tools & Accessories,N,2026-06-18,20220700000.0,21108600000.0,70.3,639.18,0.195,1870900000.0,1636300000.0,342700000.0,243800000.0,1.0,555100000.0,887900000.0,1.5995316159250585,2026-12-31,2026-05-15,20.2207,19.5,14.337224225386546,1.6947979051170334,61.59498103297344,53.98991962947828,37.85710716712982
HUBB,HUBBELL INC,Industrials,Electrical Equipment & Parts,N,2026-06-18,27672700000.0,29744100000.0,30.6,523.69,0.357,5844600000.0,5628500000.0,874700000.0,810800000.0,1.0,1384500000.0,1842900000.0,1.3310942578548213,2025-12-31,2026-02-12,27.6727,35.699999999999996,3.8393888247312713,3.1608769653846567,34.00491597119012,19.044477388741843,37.72956631605661
BMI,BADGER METER INC,Technology,Scientific & Technical Instruments,N,2026-06-18,3954600000.0,3749100000.0,30.3,135.5,0.724,916663000.0,826558000.0,169672000.0,142216000.0,1.0,223241000.0,-226016000.0,-1.012430512316286,2025-12-31,2026-02-17,3.9546,72.39999999999999,10.901231371543197,4.290497142568149,22.09616200669527,-50.52996763969697,37.3641140202353
WMS,ADVANCED DRAINAGE SYSTEMS INC,Basic Materials,Building Products & Equipment,N,2026-06-18,11268800000.0,12817700000.0,26.4,147.12,0.204,3050376000.0,2904245000.0,569288000.0,368547000.0,1.0,871583000.0,1548882000.0,1.7770906500012047,2026-12-31,2026-05-21,11.2688,20.4,5.031634727786405,5.051895499077098,22.515317378901365,16.262155250979937,37.151454190414896
AGYS,AGILYSYS INC,Technology,Software - Application,N,2026-06-18,2464900000.0,2367100000.0,63.5,87.51,0.606,319312000.0,275624000.0,68149000.0,52345000.0,1.0,59151000.0,-97850000.0,-1.6542408412368346,2026-12-31,2026-05-21,2.4649,60.6,15.850579049719915,2.7647774757596655,34.73418538790004,-27.822986193654575,36.95104808145597
UFPT,UFP TECHNOLOGIES INC,Healthcare,Medical Devices,N,2026-06-18,1851300000.0,1987400000.0,27.0,239.28,0.236,602797000.0,504421000.0,79030000.0,53745000.0,1.0,111467000.0,134181000.0,1.2037733140750178,2025-12-31,2026-02-27,1.8513,23.599999999999998,19.502756625913676,4.268892129854697,25.147412375047452,-7.887706204147404,36.73330251313477
BCPC,BALCHEM CORP,Basic Materials,Specialty Chemicals,N,2026-06-18,5331000000.0,5442800000.0,33.7,165.92,0.314,1037161000.0,953684000.0,173341000.0,146697000.0,1.0,254939000.0,106117000.0,0.4162446702936781,2025-12-31,2026-02-20,5.331,31.4,8.753108996271308,3.251566310260739,31.39938041202024,0.5437356724703246,36.71623069058199
QTWO,Q2 HOLDINGS INC,Technology,Software - Application,N,2026-06-18,2682400000.0,2681900000.0,36.3,42.85,0.26,794809000.0,696464000.0,173368000.0,106720000.0,1.0,113558000.0,-23188000.0,-0.20419521301889784,2025-12-31,2026-02-11,2.6824,26.0,14.12061499230397,6.463167312854161,15.469406118776245,-45.087780490640625,36.53661082745382
FAST,FASTENAL CO,Industrials,Industrial Distribution,N,2026-06-18,52683300000.0,52820200000.0,40.5,45.89,0.372,8200500000.0,7546000000.0,1065400000.0,959200000.0,1.0,1840400000.0,165100000.0,0.0897087589654423,2025-12-31,2026-02-05,52.6833,37.2,8.673469387755105,2.022272712605323,49.5778111507415,7.072643271404688,36.39226428561193
TTEK,TETRA TECH INC,Industrials,Engineering & Construction,N,2026-06-18,7100600000.0,7986700000.0,16.1,27.36,0.261,5442590000.0,5198679000.0,439971000.0,341315000.0,1.0,476307000.0,819698000.0,1.7209446848356207,2025-12-31,2025-11-20,7.1006,26.1,4.691788048463841,6.196251021040475,18.15278734280214,-23.04215165555431,36.28232367562912
PEN,PENUMBRA INC,Healthcare,Medical Devices,N,2026-06-18,12475900000.0,12450800000.0,72.9,317.2,0.162,1403665000.0,1194615000.0,174934000.0,147299000.0,1.0,222596000.0,32802000.0,0.14736113856493377,2025-12-31,2026-02-25,12.4759,16.2,17.499361719047556,1.4021753941599404,71.17427143951433,27.583512404766573,36.276251289901595
HQY,HEALTHEQUITY INC,Healthcare,Health Information Services,N,2026-06-18,7123700000.0,7843000000.0,30.9,85.21,0.272,1313429000.0,1199774000.0,408610000.0,286643000.0,1.0,489220000.0,682553000.0,1.3951862147908916,2025-12-31,2026-03-17,7.1237,27.200000000000003,9.473034088086596,5.73592374749077,19.19434179290766,-15.358464153584638,36.194413235578224
EPAC,ENERPAC TOOL GROUP CORP,Industrials,Specialty Industrial Machinery,N,2026-06-18,1886500000.0,1975000000.0,22.0,36.6,0.325,616899000.0,589510000.0,91944000.0,69908000.0,1.0,146314000.0,38110000.0,0.2604672143472258,2025-12-31,2025-10-17,1.8865,32.5,4.64606198368136,4.8737874370527425,21.48046637083442,-21.265269261847042,36.078330214953716
MSA,MSA SAFETY INC,Industrials,Security & Protection Services,N,2026-06-18,6346100000.0,6824300000.0,21.8,164.39,0.238,1874814000.0,1808140000.0,295508000.0,242673000.0,1.0,469788000.0,462018000.0,0.9834606247924595,2025-12-31,2026-02-12,6.3461,23.799999999999997,3.6874357074120345,4.656529206914483,23.09345263072404,1.8330064512945832,35.99979880449492
BB,BLACKBERRY LTD,Technology,Software - Infrastructure,N,2026-06-18,4926500000.0,4852900000.0,92.6,8.38,0.158,549100000.0,534900000.0,46500000.0,13400000.0,1.0,76800000.0,-73600000.0,-0.9583333333333334,2026-12-31,2026-04-09,4.9265,15.8,2.654701813423066,0.9438749619405258,104.36344086021505,44.41860465116279,35.82042683760351
ROL,ROLLINS INC,Consumer Cyclical,Personal Services,N,2026-06-18,21646600000.0,22597200000.0,40.9,44.96,0.553,3761050000.0,3388708000.0,650021000.0,580081000.0,1.0,854228000.0,938001000.0,1.098068665508506,2025-12-31,2026-02-12,21.6466,55.300000000000004,10.987727476076437,3.0028780501325842,34.76379993877121,-3.537900953133133,35.81622071428409
IEX,IDEX CORP,Industrials,Specialty Industrial Machinery,N,2026-06-18,16648200000.0,17934300000.0,32.8,224.93,0.234,3457500000.0,3268800000.0,616800000.0,603000000.0,1.0,904200000.0,1240800000.0,1.3722627737226278,2025-12-31,2026-02-19,16.6482,23.400000000000002,5.7727606461086545,3.704905034778535,29.07636186770428,17.964593599612243,35.56777673075842
STN,STANTEC INC,Industrials,Engineering & Construction,N,2026-06-18,7721200000.0,9361100000.0,21.4,67.69,0.184,6494800000.0,5866600000.0,791000000.0,504100000.0,1.36,1083700000.0,2148800000.0,1.982836578388853,2025-12-31,2026-02-25,7.7212,18.4,10.708076228138964,7.532736453644816,16.094938053097348,-27.28802980727403,35.52905312845842
PNR,PENTAIR PLC,Industrials,Specialty Industrial Machinery,N,2026-06-18,12010500000.0,13887100000.0,17.9,74.32,0.301,4176000000.0,4082800000.0,748400000.0,692900000.0,1.0,947900000.0,1537000000.0,1.6214790589724655,2025-12-31,2026-02-24,12.0105,30.099999999999998,2.2827471343195738,6.2312143541068234,18.555718866916088,-24.430261486621262,35.363412765818985
NOC,NORTHROP GRUMMAN CORP,Industrials,Aerospace & Defense,N,2026-06-18,74070500000.0,88296500000.0,16.2,521.5,0.175,41954000000.0,41033000000.0,3307000000.0,2621000000.0,1.0,7205000000.0,12616000000.0,1.7510062456627342,2025-12-31,2026-01-27,74.0705,17.5,2.2445348865547166,4.46466542010652,26.699879044451166,11.647978130178661,35.27683967483574
OKTA,OKTA INC,Technology,Software - Infrastructure,N,2026-06-18,20476200000.0,20125200000.0,82.9,117.81,0.18,2919000000.0,2610000000.0,863000000.0,730000000.0,1.0,355000000.0,-436000000.0,-1.228169014084507,2025-12-31,2026-03-05,20.4762,18.0,11.839080459770113,4.214649202488744,23.320046349942064,-13.144826188304448,34.62223373694469
STE,STERIS PLC,Healthcare,Medical Devices,N,2026-06-18,19775200000.0,21422700000.0,25.3,202.61,0.207,5935900000.0,5459515000.0,982900000.0,787191000.0,1.0,1591700000.0,1647500000.0,1.0350568574480115,2026-12-31,2026-05-29,19.7752,20.7,8.725775091743504,4.970366924228326,21.795401363312646,-8.868114348074451,34.19972659865463
CLX,CLOROX CO,Consumer Defensive,Household & Personal Products,N,2026-06-18,11584300000.0,14883300000.0,15.3,95.8,0.25,7104000000.0,7093000000.0,761000000.0,483000000.0,1.0,1371000000.0,2713000000.0,1.9788475565280816,2025-12-31,2025-08-08,11.5843,25.0,0.15508247568025713,6.5692359486546446,19.557555847568988,-20.73264715452724,34.15618528638227
CHD,CHURCH & DWIGHT CO INC,Consumer Defensive,Household & Personal Products,N,2026-06-18,22658900000.0,24361200000.0,30.9,95.63,0.309,6203200000.0,6107100000.0,1093000000.0,983000000.0,1.0,1299500000.0,1796100000.0,1.3821469796075414,2025-12-31,2026-02-12,22.6589,30.9,1.5735782941166843,4.8237116541403156,22.288380603842636,0.8776088582656438,34.01542438506361
CRS,CARPENTER TECHNOLOGY CORP,Industrials,Metal Fabrication,N,2026-06-18,29139100000.0,29534700000.0,60.8,586.47,0.162,2877100000.0,2759700000.0,287500000.0,179000000.0,1.0,654900000.0,379900000.0,0.5800885631394106,2025-12-31,2025-08-12,29.1391,16.2,4.254085589013301,0.9866468078972926,102.72939130434783,61.01194603482776,33.88569243349962
CL,COLGATE PALMOLIVE CO,Consumer Defensive,Household & Personal Products,N,2026-06-18,71600900000.0,78238900000.0,34.3,89.48,0.263,20382000000.0,20101000000.0,3634000000.0,3546000000.0,1.0,3827000000.0,6700000000.0,1.7507185785210349,2025-12-31,2026-02-23,71.6009,26.3,1.3979404009750729,5.075355198049186,21.529691799669784,4.1355775348487445,33.736614566019355
DXCM,DEXCOM INC,Healthcare,Medical Devices,N,2026-06-18,27964200000.0,28177300000.0,30.1,72.47,0.224,4662000000.0,4033000000.0,1077200000.0,630700000.0,1.0,1358500000.0,418200000.0,0.3078395288921605,2025-12-31,2026-02-12,27.9642,22.400000000000002,15.596330275229352,3.852068001230144,26.15790939472707,-18.184040083099106,33.6837908962652
BR,BROADRIDGE FINANCIAL SOLUTIONS INC,Technology,Information Technology Services,N,2026-06-18,15914600000.0,18836800000.0,14.5,137.6,0.224,6889100000.0,6506800000.0,1127500000.0,998800000.0,1.0,1482900000.0,2690800000.0,1.8145525659181334,2025-12-31,2025-08-05,15.9146,22.400000000000002,5.875391897707005,7.08468953036834,16.70669623059867,-36.56388230014744,33.33994168334218
BOX,BOX INC,Technology,Software - Infrastructure,N,2026-06-18,3439100000.0,3591100000.0,36.0,24.84,0.156,1177253000.0,1090130000.0,315511000.0,310446000.0,1.0,142335000.0,152851000.0,1.073882038852004,2025-12-31,2026-03-09,3.4391,15.6,7.991982607578918,9.17423163036841,11.381853564534993,-28.272397432319284,33.0289535967999
DRS,LEONARDO DRS INC,Industrials,Aerospace & Defense,N,2026-06-18,12292400000.0,12115400000.0,42.4,46.08,0.197,3648000000.0,3234000000.0,227000000.0,187000000.0,1.0,437000000.0,-300000000.0,-0.6864988558352403,2025-12-31,2026-02-27,12.2924,19.7,12.80148423005565,1.8466694868373954,53.371806167400884,-4.676018704074803,32.843611369431194
TRI,THOMSON REUTERS CORP,Industrials,Specialty Business Services,N,2026-06-18,34300199999.999996,36686200000.0,22.5,78.58,0.514,7476000000.0,7258000000.0,2017000000.0,1850000000.0,1.0,2900000000.0,1930000000.0,0.6655172413793103,2025-12-31,2026-03-05,34.3002,51.4,3.003582254064474,5.880432184068899,18.188497768963806,-54.80754693373233,32.01260005524244
IPAR,INTERPARFUMS INC,Consumer Defensive,Household & Personal Products,N,2026-06-18,3173400000.0,3276300000.0,18.7,99.09,0.242,1488509000.0,1452325000.0,166700000.0,165290000.0,1.0,270791000.0,49630000.0,0.18327787851147195,2025-12-31,2026-03-10,3.1734,24.2,2.4914533592687693,5.253040902502049,19.653869226154768,-34.41821002988634,31.758399854713346
SFM,SPROUTS FARMERS MARKET INC,Consumer Defensive,Grocery Stores,N,2026-06-18,7569600000.0,9378300000.0,14.9,80.49,0.168,8806159000.0,7719290000.0,467731000.0,414839000.0,1.0,990479000.0,1686062000.0,1.702269306063026,2025-12-31,2026-02-19,7.5696,16.8,14.079908903539051,6.179071549355316,20.05062739053003,-44.15979157620495,31.273341830484025
WINA,WINMARK CORP,Consumer Cyclical,Specialty Retail,N,2026-06-18,1432300000.0,1474600000.0,35.0,400.34,0.834,86055700.0,81289100.0,44704500.0,41963000.0,1.0,56676400.0,51914500.0,0.915980902103874,2025-12-31,2026-02-25,1.4323,83.39999999999999,5.863762792305494,3.1211687495636387,32.98549363039515,-18.236225606632207,31.2160051668569
HWKN,HAWKINS INC,Basic Materials,Specialty Chemicals,N,2026-06-18,3369200000.0,3626700000.0,41.3,161.45,0.176,1083696000.0,974431000.0,86088000.0,70000000.0,1.0,175389000.0,257543000.0,1.4684102195690723,2026-12-31,2026-05-13,3.3692,17.599999999999998,11.213210581354648,2.555146622343583,42.12782269305826,12.06948407778814,30.877045286621357
AS,AMER SPORTS INC,Consumer Cyclical,Leisure,N,2026-06-18,20805400000.0,21122700000.0,45.5,36.83,0.191,6566200000.0,5183300000.0,504300000.0,187200000.0,1.0,1093400000.0,1100800000.0,1.0067678800073165,2025-12-31,2026-02-26,20.8054,19.1,26.679914340285137,2.4238899516471686,41.88518738845925,-6.184137548530233,30.347544780088366
DASH,DOORDASH INC,Communication Services,Internet Content & Information,N,2026-06-18,75579800000.0,73991800000.0,81.6,173.46,0.251,13717000000.0,10722000000.0,1826000000.0,1802000000.0,1.0,1807000000.0,-1361000000.0,-0.7531820697288323,2025-12-31,2026-02-18,75.5798,25.1,27.93322141391532,2.415989457500549,40.521248630887186,-29.509093395323394,30.272158223264764
FERG,FERGUSON ENTERPRISES INC,Industrials,Industrial Distribution,N,2026-06-18,46225100000.0,51486100000.0,23.6,238.35,0.194,30762000000.0,29635000000.0,1603000000.0,1501000000.0,1.0,2986000000.0,5292000000.0,1.7722705961152043,2025-12-31,2025-09-26,46.2251,19.400000000000002,3.8029357179011347,3.467812941453886,32.11859014348097,6.675846396795437,29.947720199002983
NOW,SERVICENOW INC,Technology,Software - Application,N,2026-06-18,97986200000.0,97715200000.0,55.8,95.04,0.216,13278000000.0,10984000000.0,4576000000.0,3415000000.0,1.0,2999000000.0,-1323000000.0,-0.4411470490163388,2025-12-31,2026-01-29,97.9862,21.6,20.88492352512745,4.6700453737363015,21.353846153846153,-49.33377118348907,29.86298498111331
BSX,BOSTON SCIENTIFIC CORP,Healthcare,Medical Devices,N,2026-06-18,67317000000.0,76893000000.0,18.9,45.29,0.169,20074000000.0,16747000000.0,3658000000.0,2668000000.0,1.0,5108000000.0,9471000000.0,1.8541503523884104,2025-12-31,2026-02-17,67.317,16.900000000000002,19.86624470054339,5.4339914137587835,21.02050300710771,-44.15609947901308,29.72457253790579
CTAS,CINTAS CORP,Industrials,Specialty Business Services,N,2026-06-18,68354899999.99999,71089900000.0,35.3,170.85,0.363,10340181000.0,9596615000.0,1780993000.0,1670312000.0,1.0,2859493000.0,2390508000.0,0.835990156296938,2025-12-31,2025-07-28,68.35489999999999,36.3,7.74821121822642,2.6055088954851815,39.91587838919075,-21.453430824738984,27.40124482530213
VRSK,VERISK ANALYTICS INC,Industrials,Consulting Services,N,2026-06-18,22771600000.0,26872300000.0,25.0,173.8,0.303,3072700000.0,2881700000.0,1191900000.0,920100000.0,1.0,1668900000.0,2722200000.0,1.6311342800647133,2025-12-31,2026-02-18,22.7716,30.3,6.628032064406431,5.234151311282475,22.545767262354225,-44.084531098089705,26.72287993810953
RACE,FERRARI NV,Consumer Cyclical,Auto Manufacturers,N,2026-06-18,63921000000.0,65225500000.0,34.0,362.13,0.241,7145768000.0,6676668000.0,1864496000.0,1446420000.0,0.85,2769056000.0,1423914000.0,0.5142236198906776,2025-12-31,2026-02-19,63.921,24.099999999999998,7.025959655325087,3.431618256726823,29.735475431430263,-27.5870400878638,25.866888490833176
HEI,HEICO CORP,Industrials,Aerospace & Defense,N,2026-06-18,47079100000.0,49456100000.0,59.6,337.1,0.211,4485044000.0,3857669000.0,861380000.0,614109000.0,1.0,1164338000.0,1950164000.0,1.674912267743559,2025-12-31,2025-12-22,47.0791,21.099999999999998,16.26305937601178,1.829644152075974,57.4149620376605,-4.73382035725225,25.505856403038734
RDY,DR REDDYS LABORATORIES LTD,Healthcare,Drug Manufacturers - Specialty & Generic,N,2026-06-18,11092600000.0,11732800000.0,25.1,13.29,0.184,335933000000.0,325535000000.0,18639000000.0,12542000000.0,96.8,79544000000.0,61973000000.0,0.7791033893191189,2026-12-31,2026-05-29,11.0926,18.4,3.1941265916107353,1.7358568134843229,60.93326036804549,-11.250412405146815,21.82242832922304
TREX,TREX CO INC,Basic Materials,Building Products & Equipment,N,2026-06-18,4896700000.0,5314800000.0,25.6,47.13,0.188,1174267000.0,1151449000.0,134879000.0,-88302000.0,1.0,320918000.0,171448000.0,0.5342423921375554,2025-12-31,2026-02-25,4.8967,18.8,1.9816770000234518,2.7544877162170445,39.404206733442564,-32.210998877665546,19.410194303329966
